Record Length,2.500000e+03,,   0.000010200000,  -0.11200,
Sample Interval,2.000000e-08,,   0.000010220000,  -0.11200,
Trigger Point,-5.100000000000e+02,,   0.000010240000,  -0.11600,
,,,   0.000010260000,  -0.11600,
,,,   0.000010280000,  -0.11200,
,,,   0.000010300000,  -0.11200,
Source,CH1,,   0.000010320000,  -0.11200,
Vertical Units,V,,   0.000010340000,  -0.11600,
Vertical Scale,1.000000e-01,,   0.000010360000,  -0.12000,
Vertical Offset,-1.200000e-02,,   0.000010380000,  -0.12000,
Horizontal Units,s,,   0.000010400000,  -0.11200,
Horizontal Scale,5.000000e-06,,   0.000010420000,  -0.10800,
Pt Fmt,Y,,   0.000010440000,  -0.10000,
Yzero,0.000000e+00,,   0.000010460000,  -0.09600,
Probe Atten,1.000000e+01,,   0.000010480000,  -0.10000,
Model Number,TDS2012C,,   0.000010500000,  -0.10400,
Serial Number,C050125,,   0.000010520000,  -0.11200,
Firmware Version,FV:v24.26,,   0.000010540000,  -0.12000,
,,,0.000010560000,  -0.10400,
,,,0.000010580000,  -0.10000,
,,,0.000010600000,  -0.09600,
,,,0.000010620000,  -0.10800,
,,,0.000010640000,  -0.11200,
,,,0.000010660000,  -0.10400,
,,,0.000010680000,  -0.11600,
,,,0.000010700000,  -0.11600,
,,,0.000010720000,  -0.10800,
,,,0.000010740000,  -0.10400,
,,,0.000010760000,  -0.09200,
,,,0.000010780000,  -0.10000,
,,,0.000010800000,  -0.11200,
,,,0.000010820000,  -0.09600,
,,,0.000010840000,  -0.10800,
,,,0.000010860000,  -0.09600,
,,,0.000010880000,  -0.09600,
,,,0.000010900000,  -0.09600,
,,,0.000010920000,  -0.09200,
,,,0.000010940000,  -0.09600,
,,,0.000010960000,  -0.09600,
,,,0.000010980000,  -0.10000,
,,,0.000011000000,  -0.09200,
,,,0.000011020000,  -0.09200,
,,,0.000011040000,  -0.10000,
,,,0.000011060000,  -0.10000,
,,,0.000011080000,  -0.09200,
,,,0.000011100000,  -0.08800,
,,,0.000011120000,  -0.08000,
,,,0.000011140000,  -0.09200,
,,,0.000011160000,  -0.08400,
,,,0.000011180000,  -0.08800,
,,,0.000011200000,  -0.09200,
,,,0.000011220000,  -0.09200,
,,,0.000011240000,  -0.10000,
,,,0.000011260000,  -0.09600,
,,,0.000011280000,  -0.09600,
,,,0.000011300000,  -0.09600,
,,,0.000011320000,  -0.08000,
,,,0.000011340000,  -0.08000,
,,,0.000011360000,  -0.07600,
,,,0.000011380000,  -0.07600,
,,,0.000011400000,  -0.08000,
,,,0.000011420000,  -0.08800,
,,,0.000011440000,  -0.08000,
,,,0.000011460000,  -0.08400,
,,,0.000011480000,  -0.08800,
,,,0.000011500000,  -0.07600,
,,,0.000011520000,  -0.09200,
,,,0.000011540000,  -0.07200,
,,,0.000011560000,  -0.07600,
,,,0.000011580000,  -0.07200,
,,,0.000011600000,  -0.07600,
,,,0.000011620000,  -0.07600,
,,,0.000011640000,  -0.08000,
,,,0.000011660000,  -0.08000,
,,,0.000011680000,  -0.08000,
,,,0.000011700000,  -0.08000,
,,,0.000011720000,  -0.07600,
,,,0.000011740000,  -0.06800,
,,,0.000011760000,  -0.07200,
,,,0.000011780000,  -0.06800,
,,,0.000011800000,  -0.06400,
,,,0.000011820000,  -0.06800,
,,,0.000011840000,  -0.06400,
,,,0.000011860000,  -0.06000,
,,,0.000011880000,  -0.06400,
,,,0.000011900000,  -0.07200,
,,,0.000011920000,  -0.06800,
,,,0.000011940000,  -0.07200,
,,,0.000011960000,  -0.06800,
,,,0.000011980000,  -0.06000,
,,,0.000012000000,  -0.06400,
,,,0.000012020000,  -0.06400,
,,,0.000012040000,  -0.06400,
,,,0.000012060000,  -0.05200,
,,,0.000012080000,  -0.06000,
,,,0.000012100000,  -0.05600,
,,,0.000012120000,  -0.07200,
,,,0.000012140000,  -0.06400,
,,,0.000012160000,  -0.07200,
,,,0.000012180000,  -0.06400,
,,,0.000012200000,  -0.05600,
,,,0.000012220000,  -0.05200,
,,,0.000012240000,  -0.04400,
,,,0.000012260000,  -0.04400,
,,,0.000012280000,  -0.06000,
,,,0.000012300000,  -0.05600,
,,,0.000012320000,  -0.05200,
,,,0.000012340000,  -0.05200,
,,,0.000012360000,  -0.05600,
,,,0.000012380000,  -0.04800,
,,,0.000012400000,  -0.04400,
,,,0.000012420000,  -0.04800,
,,,0.000012440000,  -0.04800,
,,,0.000012460000,  -0.04400,
,,,0.000012480000,  -0.05200,
,,,0.000012500000,  -0.04800,
,,,0.000012520000,  -0.04400,
,,,0.000012540000,  -0.03600,
,,,0.000012560000,  -0.04000,
,,,0.000012580000,  -0.03600,
,,,0.000012600000,  -0.04800,
,,,0.000012620000,  -0.04400,
,,,0.000012640000,  -0.04400,
,,,0.000012660000,  -0.04400,
,,,0.000012680000,  -0.04000,
,,,0.000012700000,  -0.02400,
,,,0.000012720000,  -0.03600,
,,,0.000012740000,  -0.04400,
,,,0.000012760000,  -0.04400,
,,,0.000012780000,  -0.02800,
,,,0.000012800000,  -0.02800,
,,,0.000012820000,  -0.03200,
,,,0.000012840000,  -0.03200,
,,,0.000012860000,  -0.02800,
,,,0.000012880000,  -0.03200,
,,,0.000012900000,  -0.02800,
,,,0.000012920000,  -0.03200,
,,,0.000012940000,  -0.03600,
,,,0.000012960000,  -0.02800,
,,,0.000012980000,  -0.02400,
,,,0.000013000000,  -0.02800,
,,,0.000013020000,  -0.02800,
,,,0.000013040000,  -0.02800,
,,,0.000013060000,  -0.03600,
,,,0.000013080000,  -0.02800,
,,,0.000013100000,  -0.02800,
,,,0.000013120000,  -0.02800,
,,,0.000013140000,  -0.03200,
,,,0.000013160000,  -0.00800,
,,,0.000013180000,  -0.02800,
,,,0.000013200000,  -0.02000,
,,,0.000013220000,  -0.02800,
,,,0.000013240000,  -0.02400,
,,,0.000013260000,  -0.02400,
,,,0.000013280000,  -0.02400,
,,,0.000013300000,  -0.01200,
,,,0.000013320000,  -0.01200,
,,,0.000013340000,  -0.00800,
,,,0.000013360000,  -0.01600,
,,,0.000013380000,  -0.00800,
,,,0.000013400000,  -0.01600,
,,,0.000013420000,  -0.01600,
,,,0.000013440000,  -0.00400,
,,,0.000013460000,  -0.01600,
,,,0.000013480000,  -0.01200,
,,,0.000013500000,  -0.02000,
,,,0.000013520000,  -0.01200,
,,,0.000013540000,  -0.01600,
,,,0.000013560000,  -0.00800,
,,,0.000013580000,   0.00000,
,,,0.000013600000,  -0.00400,
,,,0.000013620000,  -0.01200,
,,,0.000013640000,   0.00400,
,,,0.000013660000,  -0.00400,
,,,0.000013680000,   0.00000,
,,,0.000013700000,   0.00400,
,,,0.000013720000,  -0.00400,
,,,0.000013740000,   0.00000,
,,,0.000013760000,  -0.00800,
,,,0.000013780000,  -0.00800,
,,,0.000013800000,  -0.00800,
,,,0.000013820000,   0.00400,
,,,0.000013840000,   0.00400,
,,,0.000013860000,  -0.00400,
,,,0.000013880000,   0.00000,
,,,0.000013900000,   0.00000,
,,,0.000013920000,   0.00400,
,,,0.000013940000,  -0.00800,
,,,0.000013960000,   0.00400,
,,,0.000013980000,   0.00800,
,,,0.000014000000,   0.00400,
,,,0.000014020000,   0.00000,
,,,0.000014040000,   0.00800,
,,,0.000014060000,   0.01200,
,,,0.000014080000,   0.01200,
,,,0.000014100000,   0.01600,
,,,0.000014120000,   0.00400,
,,,0.000014140000,   0.01600,
,,,0.000014160000,   0.01200,
,,,0.000014180000,   0.00800,
,,,0.000014200000,   0.00400,
,,,0.000014220000,   0.02400,
,,,0.000014240000,   0.02800,
,,,0.000014260000,   0.03200,
,,,0.000014280000,   0.02000,
,,,0.000014300000,   0.02000,
,,,0.000014320000,   0.02000,
,,,0.000014340000,   0.01200,
,,,0.000014360000,   0.01200,
,,,0.000014380000,   0.02000,
,,,0.000014400000,   0.01600,
,,,0.000014420000,   0.01200,
,,,0.000014440000,   0.03200,
,,,0.000014460000,   0.03200,
,,,0.000014480000,   0.03200,
,,,0.000014500000,   0.03200,
,,,0.000014520000,   0.03200,
,,,0.000014540000,   0.01600,
,,,0.000014560000,   0.03200,
,,,0.000014580000,   0.02400,
,,,0.000014600000,   0.02800,
,,,0.000014620000,   0.04800,
,,,0.000014640000,   0.03600,
,,,0.000014660000,   0.03200,
,,,0.000014680000,   0.03200,
,,,0.000014700000,   0.03600,
,,,0.000014720000,   0.02800,
,,,0.000014740000,   0.03200,
,,,0.000014760000,   0.03200,
,,,0.000014780000,   0.03600,
,,,0.000014800000,   0.03200,
,,,0.000014820000,   0.03200,
,,,0.000014840000,   0.03600,
,,,0.000014860000,   0.02800,
,,,0.000014880000,   0.03600,
,,,0.000014900000,   0.04000,
,,,0.000014920000,   0.04000,
,,,0.000014940000,   0.04400,
,,,0.000014960000,   0.04400,
,,,0.000014980000,   0.04000,
,,,0.000015000000,   0.03600,
,,,0.000015020000,   0.04000,
,,,0.000015040000,   0.04000,
,,,0.000015060000,   0.04800,
,,,0.000015080000,   0.04800,
,,,0.000015100000,   0.05200,
,,,0.000015120000,   0.03200,
,,,0.000015140000,   0.04800,
,,,0.000015160000,   0.04400,
,,,0.000015180000,   0.06000,
,,,0.000015200000,   0.04800,
,,,0.000015220000,   0.04800,
,,,0.000015240000,   0.04800,
,,,0.000015260000,   0.05200,
,,,0.000015280000,   0.04800,
,,,0.000015300000,   0.04800,
,,,0.000015320000,   0.04800,
,,,0.000015340000,   0.06000,
,,,0.000015360000,   0.06800,
,,,0.000015380000,   0.05600,
,,,0.000015400000,   0.06000,
,,,0.000015420000,   0.06400,
,,,0.000015440000,   0.05600,
,,,0.000015460000,   0.05200,
,,,0.000015480000,   0.04800,
,,,0.000015500000,   0.06400,
,,,0.000015520000,   0.06000,
,,,0.000015540000,   0.04800,
,,,0.000015560000,   0.06800,
,,,0.000015580000,   0.06800,
,,,0.000015600000,   0.06800,
,,,0.000015620000,   0.06400,
,,,0.000015640000,   0.06000,
,,,0.000015660000,   0.06000,
,,,0.000015680000,   0.06400,
,,,0.000015700000,   0.06800,
,,,0.000015720000,   0.07200,
,,,0.000015740000,   0.06400,
,,,0.000015760000,   0.05600,
,,,0.000015780000,   0.06800,
,,,0.000015800000,   0.06800,
,,,0.000015820000,   0.08400,
,,,0.000015840000,   0.07600,
,,,0.000015860000,   0.08000,
,,,0.000015880000,   0.07600,
,,,0.000015900000,   0.07600,
,,,0.000015920000,   0.07600,
,,,0.000015940000,   0.08400,
,,,0.000015960000,   0.07200,
,,,0.000015980000,   0.08800,
,,,0.000016000000,   0.08400,
,,,0.000016020000,   0.08000,
,,,0.000016040000,   0.08400,
,,,0.000016060000,   0.08800,
,,,0.000016080000,   0.08800,
,,,0.000016100000,   0.08800,
,,,0.000016120000,   0.08000,
,,,0.000016140000,   0.06800,
,,,0.000016160000,   0.06800,
,,,0.000016180000,   0.08800,
,,,0.000016200000,   0.08000,
,,,0.000016220000,   0.09200,
,,,0.000016240000,   0.09200,
,,,0.000016260000,   0.08800,
,,,0.000016280000,   0.08800,
,,,0.000016300000,   0.08800,
,,,0.000016320000,   0.08800,
,,,0.000016340000,   0.09600,
,,,0.000016360000,   0.09200,
,,,0.000016380000,   0.09200,
,,,0.000016400000,   0.09600,
,,,0.000016420000,   0.09200,
,,,0.000016440000,   0.09200,
,,,0.000016460000,   0.10000,
,,,0.000016480000,   0.09600,
,,,0.000016500000,   0.10400,
,,,0.000016520000,   0.08800,
,,,0.000016540000,   0.10000,
,,,0.000016560000,   0.08800,
,,,0.000016580000,   0.09600,
,,,0.000016600000,   0.10400,
,,,0.000016620000,   0.08800,
,,,0.000016640000,   0.09200,
,,,0.000016660000,   0.10400,
,,,0.000016680000,   0.10800,
,,,0.000016700000,   0.10000,
,,,0.000016720000,   0.10000,
,,,0.000016740000,   0.10000,
,,,0.000016760000,   0.09600,
,,,0.000016780000,   0.10000,
,,,0.000016800000,   0.12000,
,,,0.000016820000,   0.11200,
,,,0.000016840000,   0.11200,
,,,0.000016860000,   0.10400,
,,,0.000016880000,   0.10000,
,,,0.000016900000,   0.10800,
,,,0.000016920000,   0.11200,
,,,0.000016940000,   0.11200,
,,,0.000016960000,   0.10800,
,,,0.000016980000,   0.11200,
,,,0.000017000000,   0.10800,
,,,0.000017020000,   0.10000,
,,,0.000017040000,   0.10400,
,,,0.000017060000,   0.10800,
,,,0.000017080000,   0.10800,
,,,0.000017100000,   0.11200,
,,,0.000017120000,   0.12400,
,,,0.000017140000,   0.11200,
,,,0.000017160000,   0.12800,
,,,0.000017180000,   0.12800,
,,,0.000017200000,   0.12000,
,,,0.000017220000,   0.10800,
,,,0.000017240000,   0.10800,
,,,0.000017260000,   0.11200,
,,,0.000017280000,   0.12000,
,,,0.000017300000,   0.11200,
,,,0.000017320000,   0.12400,
,,,0.000017340000,   0.12800,
,,,0.000017360000,   0.12400,
,,,0.000017380000,   0.11600,
,,,0.000017400000,   0.12800,
,,,0.000017420000,   0.12400,
,,,0.000017440000,   0.12400,
,,,0.000017460000,   0.12400,
,,,0.000017480000,   0.12000,
,,,0.000017500000,   0.11200,
,,,0.000017520000,   0.12800,
,,,0.000017540000,   0.12400,
,,,0.000017560000,   0.12400,
,,,0.000017580000,   0.12800,
,,,0.000017600000,   0.12800,
,,,0.000017620000,   0.13200,
,,,0.000017640000,   0.14000,
,,,0.000017660000,   0.12400,
,,,0.000017680000,   0.13200,
,,,0.000017700000,   0.12400,
,,,0.000017720000,   0.13600,
,,,0.000017740000,   0.13200,
,,,0.000017760000,   0.13200,
,,,0.000017780000,   0.13600,
,,,0.000017800000,   0.14000,
,,,0.000017820000,   0.14400,
,,,0.000017840000,   0.13200,
,,,0.000017860000,   0.13200,
,,,0.000017880000,   0.12000,
,,,0.000017900000,   0.13600,
,,,0.000017920000,   0.14000,
,,,0.000017940000,   0.14400,
,,,0.000017960000,   0.13600,
,,,0.000017980000,   0.13200,
,,,0.000018000000,   0.12800,
,,,0.000018020000,   0.14400,
,,,0.000018040000,   0.13600,
,,,0.000018060000,   0.14400,
,,,0.000018080000,   0.13200,
,,,0.000018100000,   0.14400,
,,,0.000018120000,   0.14000,
,,,0.000018140000,   0.12800,
,,,0.000018160000,   0.13600,
,,,0.000018180000,   0.14000,
,,,0.000018200000,   0.14800,
,,,0.000018220000,   0.16000,
,,,0.000018240000,   0.14400,
,,,0.000018260000,   0.14000,
,,,0.000018280000,   0.14000,
,,,0.000018300000,   0.15200,
,,,0.000018320000,   0.14800,
,,,0.000018340000,   0.14000,
,,,0.000018360000,   0.13600,
,,,0.000018380000,   0.14800,
,,,0.000018400000,   0.14000,
,,,0.000018420000,   0.14800,
,,,0.000018440000,   0.14400,
,,,0.000018460000,   0.14400,
,,,0.000018480000,   0.14800,
,,,0.000018500000,   0.15200,
,,,0.000018520000,   0.14800,
,,,0.000018540000,   0.15200,
,,,0.000018560000,   0.15600,
,,,0.000018580000,   0.16000,
,,,0.000018600000,   0.15200,
,,,0.000018620000,   0.15600,
,,,0.000018640000,   0.14800,
,,,0.000018660000,   0.16000,
,,,0.000018680000,   0.15200,
,,,0.000018700000,   0.16000,
,,,0.000018720000,   0.15200,
,,,0.000018740000,   0.15200,
,,,0.000018760000,   0.15600,
,,,0.000018780000,   0.16800,
,,,0.000018800000,   0.16400,
,,,0.000018820000,   0.16000,
,,,0.000018840000,   0.14000,
,,,0.000018860000,   0.16000,
,,,0.000018880000,   0.16000,
,,,0.000018900000,   0.15600,
,,,0.000018920000,   0.16400,
,,,0.000018940000,   0.16800,
,,,0.000018960000,   0.16000,
,,,0.000018980000,   0.15600,
,,,0.000019000000,   0.16000,
,,,0.000019020000,   0.16400,
,,,0.000019040000,   0.16000,
,,,0.000019060000,   0.17200,
,,,0.000019080000,   0.16000,
,,,0.000019100000,   0.18000,
,,,0.000019120000,   0.16800,
,,,0.000019140000,   0.17200,
,,,0.000019160000,   0.17200,
,,,0.000019180000,   0.16800,
,,,0.000019200000,   0.16800,
,,,0.000019220000,   0.16800,
,,,0.000019240000,   0.15600,
,,,0.000019260000,   0.15200,
,,,0.000019280000,   0.16000,
,,,0.000019300000,   0.16000,
,,,0.000019320000,   0.16400,
,,,0.000019340000,   0.16400,
,,,0.000019360000,   0.16400,
,,,0.000019380000,   0.18000,
,,,0.000019400000,   0.17200,
,,,0.000019420000,   0.17200,
,,,0.000019440000,   0.16400,
,,,0.000019460000,   0.16800,
,,,0.000019480000,   0.16400,
,,,0.000019500000,   0.17200,
,,,0.000019520000,   0.17600,
,,,0.000019540000,   0.18000,
,,,0.000019560000,   0.17600,
,,,0.000019580000,   0.17200,
,,,0.000019600000,   0.16400,
,,,0.000019620000,   0.17200,
,,,0.000019640000,   0.17200,
,,,0.000019660000,   0.16400,
,,,0.000019680000,   0.17200,
,,,0.000019700000,   0.18400,
,,,0.000019720000,   0.17600,
,,,0.000019740000,   0.16800,
,,,0.000019760000,   0.16400,
,,,0.000019780000,   0.17600,
,,,0.000019800000,   0.17200,
,,,0.000019820000,   0.17600,
,,,0.000019840000,   0.17200,
,,,0.000019860000,   0.17200,
,,,0.000019880000,   0.16400,
,,,0.000019900000,   0.18000,
,,,0.000019920000,   0.17200,
,,,0.000019940000,   0.17600,
,,,0.000019960000,   0.16400,
,,,0.000019980000,   0.17200,
,,,0.000020000000,   0.16800,
,,,0.000020020000,   0.17600,
,,,0.000020040000,   0.18400,
,,,0.000020060000,   0.18000,
,,,0.000020080000,   0.18400,
,,,0.000020100000,   0.16800,
,,,0.000020120000,   0.17200,
,,,0.000020140000,   0.17600,
,,,0.000020160000,   0.18400,
,,,0.000020180000,   0.18000,
,,,0.000020200000,   0.18000,
,,,0.000020220000,   0.17600,
,,,0.000020240000,   0.17600,
,,,0.000020260000,   0.17600,
,,,0.000020280000,   0.18400,
,,,0.000020300000,   0.18800,
,,,0.000020320000,   0.18800,
,,,0.000020340000,   0.17600,
,,,0.000020360000,   0.17600,
,,,0.000020380000,   0.18000,
,,,0.000020400000,   0.18800,
,,,0.000020420000,   0.19200,
,,,0.000020440000,   0.19600,
,,,0.000020460000,   0.18400,
,,,0.000020480000,   0.18800,
,,,0.000020500000,   0.18400,
,,,0.000020520000,   0.18400,
,,,0.000020540000,   0.18800,
,,,0.000020560000,   0.19200,
,,,0.000020580000,   0.18000,
,,,0.000020600000,   0.17600,
,,,0.000020620000,   0.16400,
,,,0.000020640000,   0.19200,
,,,0.000020660000,   0.18800,
,,,0.000020680000,   0.18000,
,,,0.000020700000,   0.18400,
,,,0.000020720000,   0.19200,
,,,0.000020740000,   0.18400,
,,,0.000020760000,   0.18800,
,,,0.000020780000,   0.18400,
,,,0.000020800000,   0.18400,
,,,0.000020820000,   0.19200,
,,,0.000020840000,   0.19200,
,,,0.000020860000,   0.18800,
,,,0.000020880000,   0.18400,
,,,0.000020900000,   0.18400,
,,,0.000020920000,   0.18800,
,,,0.000020940000,   0.19600,
,,,0.000020960000,   0.19600,
,,,0.000020980000,   0.19200,
,,,0.000021000000,   0.18000,
,,,0.000021020000,   0.20000,
,,,0.000021040000,   0.18000,
,,,0.000021060000,   0.18800,
,,,0.000021080000,   0.19200,
,,,0.000021100000,   0.17600,
,,,0.000021120000,   0.19200,
,,,0.000021140000,   0.19600,
,,,0.000021160000,   0.19600,
,,,0.000021180000,   0.18400,
,,,0.000021200000,   0.18400,
,,,0.000021220000,   0.18800,
,,,0.000021240000,   0.18000,
,,,0.000021260000,   0.18400,
,,,0.000021280000,   0.19200,
,,,0.000021300000,   0.20000,
,,,0.000021320000,   0.18800,
,,,0.000021340000,   0.18000,
,,,0.000021360000,   0.19200,
,,,0.000021380000,   0.19200,
,,,0.000021400000,   0.19600,
,,,0.000021420000,   0.19200,
,,,0.000021440000,   0.19600,
,,,0.000021460000,   0.18800,
,,,0.000021480000,   0.18000,
,,,0.000021500000,   0.17600,
,,,0.000021520000,   0.18800,
,,,0.000021540000,   0.19600,
,,,0.000021560000,   0.19600,
,,,0.000021580000,   0.18400,
,,,0.000021600000,   0.18800,
,,,0.000021620000,   0.18000,
,,,0.000021640000,   0.18800,
,,,0.000021660000,   0.18400,
,,,0.000021680000,   0.18400,
,,,0.000021700000,   0.18000,
,,,0.000021720000,   0.18000,
,,,0.000021740000,   0.18400,
,,,0.000021760000,   0.18800,
,,,0.000021780000,   0.20000,
,,,0.000021800000,   0.19600,
,,,0.000021820000,   0.18400,
,,,0.000021840000,   0.19200,
,,,0.000021860000,   0.19600,
,,,0.000021880000,   0.18800,
,,,0.000021900000,   0.18800,
,,,0.000021920000,   0.18000,
,,,0.000021940000,   0.17600,
,,,0.000021960000,   0.18800,
,,,0.000021980000,   0.19600,
,,,0.000022000000,   0.18800,
,,,0.000022020000,   0.19600,
,,,0.000022040000,   0.19200,
,,,0.000022060000,   0.18800,
,,,0.000022080000,   0.19600,
,,,0.000022100000,   0.18400,
,,,0.000022120000,   0.18000,
,,,0.000022140000,   0.18000,
,,,0.000022160000,   0.19200,
,,,0.000022180000,   0.18400,
,,,0.000022200000,   0.18000,
,,,0.000022220000,   0.18800,
,,,0.000022240000,   0.18400,
,,,0.000022260000,   0.19600,
,,,0.000022280000,   0.18800,
,,,0.000022300000,   0.18000,
,,,0.000022320000,   0.17200,
,,,0.000022340000,   0.17600,
,,,0.000022360000,   0.18400,
,,,0.000022380000,   0.18000,
,,,0.000022400000,   0.18400,
,,,0.000022420000,   0.18800,
,,,0.000022440000,   0.18000,
,,,0.000022460000,   0.18000,
,,,0.000022480000,   0.17600,
,,,0.000022500000,   0.18400,
,,,0.000022520000,   0.18800,
,,,0.000022540000,   0.18400,
,,,0.000022560000,   0.18400,
,,,0.000022580000,   0.19600,
,,,0.000022600000,   0.18400,
,,,0.000022620000,   0.18800,
,,,0.000022640000,   0.17600,
,,,0.000022660000,   0.17200,
,,,0.000022680000,   0.17600,
,,,0.000022700000,   0.18400,
,,,0.000022720000,   0.18400,
,,,0.000022740000,   0.18400,
,,,0.000022760000,   0.19200,
,,,0.000022780000,   0.19200,
,,,0.000022800000,   0.18400,
,,,0.000022820000,   0.18000,
,,,0.000022840000,   0.18000,
,,,0.000022860000,   0.18800,
,,,0.000022880000,   0.17600,
,,,0.000022900000,   0.17200,
,,,0.000022920000,   0.17600,
,,,0.000022940000,   0.18000,
,,,0.000022960000,   0.17600,
,,,0.000022980000,   0.18400,
,,,0.000023000000,   0.18400,
,,,0.000023020000,   0.18000,
,,,0.000023040000,   0.17200,
,,,0.000023060000,   0.17600,
,,,0.000023080000,   0.18000,
,,,0.000023100000,   0.18000,
,,,0.000023120000,   0.17600,
,,,0.000023140000,   0.17600,
,,,0.000023160000,   0.18400,
,,,0.000023180000,   0.17200,
,,,0.000023200000,   0.18400,
,,,0.000023220000,   0.17200,
,,,0.000023240000,   0.16400,
,,,0.000023260000,   0.16400,
,,,0.000023280000,   0.16800,
,,,0.000023300000,   0.16400,
,,,0.000023320000,   0.17600,
,,,0.000023340000,   0.18000,
,,,0.000023360000,   0.18000,
,,,0.000023380000,   0.18000,
,,,0.000023400000,   0.17600,
,,,0.000023420000,   0.16800,
,,,0.000023440000,   0.16800,
,,,0.000023460000,   0.16400,
,,,0.000023480000,   0.16800,
,,,0.000023500000,   0.17200,
,,,0.000023520000,   0.17200,
,,,0.000023540000,   0.18000,
,,,0.000023560000,   0.17600,
,,,0.000023580000,   0.18000,
,,,0.000023600000,   0.17600,
,,,0.000023620000,   0.17200,
,,,0.000023640000,   0.16400,
,,,0.000023660000,   0.16400,
,,,0.000023680000,   0.17600,
,,,0.000023700000,   0.16800,
,,,0.000023720000,   0.17600,
,,,0.000023740000,   0.16800,
,,,0.000023760000,   0.17200,
,,,0.000023780000,   0.18000,
,,,0.000023800000,   0.17600,
,,,0.000023820000,   0.16800,
,,,0.000023840000,   0.17600,
,,,0.000023860000,   0.17600,
,,,0.000023880000,   0.16800,
,,,0.000023900000,   0.16800,
,,,0.000023920000,   0.15600,
,,,0.000023940000,   0.16000,
,,,0.000023960000,   0.16400,
,,,0.000023980000,   0.16800,
,,,0.000024000000,   0.18000,
,,,0.000024020000,   0.17600,
,,,0.000024040000,   0.17200,
,,,0.000024060000,   0.16800,
,,,0.000024080000,   0.16400,
,,,0.000024100000,   0.16000,
,,,0.000024120000,   0.16800,
,,,0.000024140000,   0.16000,
,,,0.000024160000,   0.16800,
,,,0.000024180000,   0.15600,
,,,0.000024200000,   0.16000,
,,,0.000024220000,   0.15600,
,,,0.000024240000,   0.16400,
,,,0.000024260000,   0.18000,
,,,0.000024280000,   0.17200,
,,,0.000024300000,   0.16400,
,,,0.000024320000,   0.15600,
,,,0.000024340000,   0.16000,
,,,0.000024360000,   0.15200,
,,,0.000024380000,   0.16400,
,,,0.000024400000,   0.16400,
,,,0.000024420000,   0.16000,
,,,0.000024440000,   0.15200,
,,,0.000024460000,   0.15200,
,,,0.000024480000,   0.16000,
,,,0.000024500000,   0.16000,
,,,0.000024520000,   0.17200,
,,,0.000024540000,   0.16400,
,,,0.000024560000,   0.16000,
,,,0.000024580000,   0.15200,
,,,0.000024600000,   0.15200,
,,,0.000024620000,   0.15600,
,,,0.000024640000,   0.15200,
,,,0.000024660000,   0.16800,
,,,0.000024680000,   0.16400,
,,,0.000024700000,   0.15200,
,,,0.000024720000,   0.14800,
,,,0.000024740000,   0.14400,
,,,0.000024760000,   0.16000,
,,,0.000024780000,   0.15200,
,,,0.000024800000,   0.14800,
,,,0.000024820000,   0.14400,
,,,0.000024840000,   0.14000,
,,,0.000024860000,   0.14000,
,,,0.000024880000,   0.14800,
,,,0.000024900000,   0.15200,
,,,0.000024920000,   0.14000,
,,,0.000024940000,   0.14800,
,,,0.000024960000,   0.15200,
,,,0.000024980000,   0.15600,
,,,0.000025000000,   0.16000,
,,,0.000025020000,   0.13600,
,,,0.000025040000,   0.14400,
,,,0.000025060000,   0.13600,
,,,0.000025080000,   0.15200,
,,,0.000025100000,   0.14000,
,,,0.000025120000,   0.14800,
,,,0.000025140000,   0.14800,
,,,0.000025160000,   0.14800,
,,,0.000025180000,   0.14000,
,,,0.000025200000,   0.14000,
,,,0.000025220000,   0.12800,
,,,0.000025240000,   0.14000,
,,,0.000025260000,   0.14400,
,,,0.000025280000,   0.13600,
,,,0.000025300000,   0.13600,
,,,0.000025320000,   0.14800,
,,,0.000025340000,   0.13600,
,,,0.000025360000,   0.15600,
,,,0.000025380000,   0.13600,
,,,0.000025400000,   0.13600,
,,,0.000025420000,   0.12800,
,,,0.000025440000,   0.12400,
,,,0.000025460000,   0.12800,
,,,0.000025480000,   0.13600,
,,,0.000025500000,   0.13200,
,,,0.000025520000,   0.13200,
,,,0.000025540000,   0.13600,
,,,0.000025560000,   0.11600,
,,,0.000025580000,   0.12400,
,,,0.000025600000,   0.13200,
,,,0.000025620000,   0.12800,
,,,0.000025640000,   0.12000,
,,,0.000025660000,   0.12400,
,,,0.000025680000,   0.12400,
,,,0.000025700000,   0.12800,
,,,0.000025720000,   0.13200,
,,,0.000025740000,   0.13200,
,,,0.000025760000,   0.13600,
,,,0.000025780000,   0.12800,
,,,0.000025800000,   0.13200,
,,,0.000025820000,   0.12000,
,,,0.000025840000,   0.12000,
,,,0.000025860000,   0.13600,
,,,0.000025880000,   0.14000,
,,,0.000025900000,   0.13200,
,,,0.000025920000,   0.12800,
,,,0.000025940000,   0.10800,
,,,0.000025960000,   0.12000,
,,,0.000025980000,   0.12400,
,,,0.000026000000,   0.12400,
,,,0.000026020000,   0.12400,
,,,0.000026040000,   0.12400,
,,,0.000026060000,   0.12000,
,,,0.000026080000,   0.12400,
,,,0.000026100000,   0.12800,
,,,0.000026120000,   0.12800,
,,,0.000026140000,   0.11600,
,,,0.000026160000,   0.10800,
,,,0.000026180000,   0.11200,
,,,0.000026200000,   0.10800,
,,,0.000026220000,   0.12400,
,,,0.000026240000,   0.12800,
,,,0.000026260000,   0.12000,
,,,0.000026280000,   0.11600,
,,,0.000026300000,   0.10400,
,,,0.000026320000,   0.10800,
,,,0.000026340000,   0.10800,
,,,0.000026360000,   0.10800,
,,,0.000026380000,   0.10800,
,,,0.000026400000,   0.10800,
,,,0.000026420000,   0.10400,
,,,0.000026440000,   0.11600,
,,,0.000026460000,   0.09600,
,,,0.000026480000,   0.10400,
,,,0.000026500000,   0.10800,
,,,0.000026520000,   0.10800,
,,,0.000026540000,   0.10400,
,,,0.000026560000,   0.09200,
,,,0.000026580000,   0.09600,
,,,0.000026600000,   0.10000,
,,,0.000026620000,   0.10000,
,,,0.000026640000,   0.09600,
,,,0.000026660000,   0.10000,
,,,0.000026680000,   0.10000,
,,,0.000026700000,   0.10400,
,,,0.000026720000,   0.09600,
,,,0.000026740000,   0.10000,
,,,0.000026760000,   0.09600,
,,,0.000026780000,   0.10800,
,,,0.000026800000,   0.09200,
,,,0.000026820000,   0.09600,
,,,0.000026840000,   0.09600,
,,,0.000026860000,   0.09200,
,,,0.000026880000,   0.09600,
,,,0.000026900000,   0.10400,
,,,0.000026920000,   0.10400,
,,,0.000026940000,   0.09600,
,,,0.000026960000,   0.09200,
,,,0.000026980000,   0.08800,
,,,0.000027000000,   0.08800,
,,,0.000027020000,   0.09600,
,,,0.000027040000,   0.09200,
,,,0.000027060000,   0.08400,
,,,0.000027080000,   0.08400,
,,,0.000027100000,   0.09200,
,,,0.000027120000,   0.09600,
,,,0.000027140000,   0.08800,
,,,0.000027160000,   0.10000,
,,,0.000027180000,   0.08800,
,,,0.000027200000,   0.08000,
,,,0.000027220000,   0.08800,
,,,0.000027240000,   0.08800,
,,,0.000027260000,   0.08000,
,,,0.000027280000,   0.08000,
,,,0.000027300000,   0.08800,
,,,0.000027320000,   0.08000,
,,,0.000027340000,   0.08000,
,,,0.000027360000,   0.08800,
,,,0.000027380000,   0.08000,
,,,0.000027400000,   0.07600,
,,,0.000027420000,   0.07600,
,,,0.000027440000,   0.06800,
,,,0.000027460000,   0.06800,
,,,0.000027480000,   0.06000,
,,,0.000027500000,   0.07600,
,,,0.000027520000,   0.07200,
,,,0.000027540000,   0.08400,
,,,0.000027560000,   0.07200,
,,,0.000027580000,   0.06400,
,,,0.000027600000,   0.07200,
,,,0.000027620000,   0.07600,
,,,0.000027640000,   0.06000,
,,,0.000027660000,   0.06800,
,,,0.000027680000,   0.07600,
,,,0.000027700000,   0.07600,
,,,0.000027720000,   0.06400,
,,,0.000027740000,   0.06800,
,,,0.000027760000,   0.06400,
,,,0.000027780000,   0.06400,
,,,0.000027800000,   0.06400,
,,,0.000027820000,   0.07600,
,,,0.000027840000,   0.06800,
,,,0.000027860000,   0.06000,
,,,0.000027880000,   0.06000,
,,,0.000027900000,   0.04800,
,,,0.000027920000,   0.04800,
,,,0.000027940000,   0.05600,
,,,0.000027960000,   0.05200,
,,,0.000027980000,   0.06000,
,,,0.000028000000,   0.07200,
,,,0.000028020000,   0.06400,
,,,0.000028040000,   0.05600,
,,,0.000028060000,   0.05600,
,,,0.000028080000,   0.04800,
,,,0.000028100000,   0.05600,
,,,0.000028120000,   0.04800,
,,,0.000028140000,   0.04400,
,,,0.000028160000,   0.05200,
,,,0.000028180000,   0.05600,
,,,0.000028200000,   0.04400,
,,,0.000028220000,   0.04800,
,,,0.000028240000,   0.05600,
,,,0.000028260000,   0.05200,
,,,0.000028280000,   0.04800,
,,,0.000028300000,   0.05200,
,,,0.000028320000,   0.04000,
,,,0.000028340000,   0.04000,
,,,0.000028360000,   0.04000,
,,,0.000028380000,   0.04000,
,,,0.000028400000,   0.04800,
,,,0.000028420000,   0.04400,
,,,0.000028440000,   0.04000,
,,,0.000028460000,   0.03200,
,,,0.000028480000,   0.04800,
,,,0.000028500000,   0.02400,
,,,0.000028520000,   0.03200,
,,,0.000028540000,   0.03200,
,,,0.000028560000,   0.03200,
,,,0.000028580000,   0.03200,
,,,0.000028600000,   0.03600,
,,,0.000028620000,   0.03200,
,,,0.000028640000,   0.03200,
,,,0.000028660000,   0.02800,
,,,0.000028680000,   0.02400,
,,,0.000028700000,   0.02400,
,,,0.000028720000,   0.03200,
,,,0.000028740000,   0.03200,
,,,0.000028760000,   0.02000,
,,,0.000028780000,   0.01200,
,,,0.000028800000,   0.01200,
,,,0.000028820000,   0.01600,
,,,0.000028840000,   0.02400,
,,,0.000028860000,   0.02000,
,,,0.000028880000,   0.02800,
,,,0.000028900000,   0.01600,
,,,0.000028920000,   0.01600,
,,,0.000028940000,   0.02400,
,,,0.000028960000,   0.02000,
,,,0.000028980000,   0.02000,
,,,0.000029000000,   0.01600,
,,,0.000029020000,   0.02400,
,,,0.000029040000,   0.02400,
,,,0.000029060000,   0.00800,
,,,0.000029080000,   0.00800,
,,,0.000029100000,   0.02000,
,,,0.000029120000,   0.02000,
,,,0.000029140000,   0.02800,
,,,0.000029160000,   0.01200,
,,,0.000029180000,   0.01200,
,,,0.000029200000,   0.00400,
,,,0.000029220000,   0.01200,
,,,0.000029240000,   0.00000,
,,,0.000029260000,   0.00800,
,,,0.000029280000,   0.01600,
,,,0.000029300000,   0.01200,
,,,0.000029320000,   0.00000,
,,,0.000029340000,   0.00800,
,,,0.000029360000,  -0.00400,
,,,0.000029380000,   0.00000,
,,,0.000029400000,   0.00400,
,,,0.000029420000,   0.00400,
,,,0.000029440000,   0.00000,
,,,0.000029460000,   0.00800,
,,,0.000029480000,  -0.00400,
,,,0.000029500000,  -0.00400,
,,,0.000029520000,  -0.00400,
,,,0.000029540000,  -0.00400,
,,,0.000029560000,  -0.00400,
,,,0.000029580000,  -0.00400,
,,,0.000029600000,  -0.00400,
,,,0.000029620000,  -0.00400,
,,,0.000029640000,  -0.01600,
,,,0.000029660000,  -0.01600,
,,,0.000029680000,  -0.01200,
,,,0.000029700000,  -0.00400,
,,,0.000029720000,   0.00400,
,,,0.000029740000,  -0.00400,
,,,0.000029760000,  -0.01600,
,,,0.000029780000,  -0.00800,
,,,0.000029800000,  -0.01200,
,,,0.000029820000,  -0.01600,
,,,0.000029840000,  -0.01600,
,,,0.000029860000,  -0.01200,
,,,0.000029880000,  -0.02000,
,,,0.000029900000,  -0.01600,
,,,0.000029920000,  -0.01600,
,,,0.000029940000,  -0.01200,
,,,0.000029960000,  -0.02400,
,,,0.000029980000,  -0.00800,
,,,0.000030000000,  -0.01200,
,,,0.000030020000,  -0.01600,
,,,0.000030040000,  -0.01200,
,,,0.000030060000,  -0.01600,
,,,0.000030080000,  -0.02000,
,,,0.000030100000,  -0.02400,
,,,0.000030120000,  -0.01600,
,,,0.000030140000,  -0.02800,
,,,0.000030160000,  -0.03200,
,,,0.000030180000,  -0.01600,
,,,0.000030200000,  -0.01600,
,,,0.000030220000,  -0.01600,
,,,0.000030240000,  -0.02800,
,,,0.000030260000,  -0.02000,
,,,0.000030280000,  -0.02000,
,,,0.000030300000,  -0.02800,
,,,0.000030320000,  -0.03600,
,,,0.000030340000,  -0.02800,
,,,0.000030360000,  -0.03200,
,,,0.000030380000,  -0.03200,
,,,0.000030400000,  -0.03200,
,,,0.000030420000,  -0.03200,
,,,0.000030440000,  -0.03200,
,,,0.000030460000,  -0.02800,
,,,0.000030480000,  -0.04400,
,,,0.000030500000,  -0.04000,
,,,0.000030520000,  -0.04800,
,,,0.000030540000,  -0.03600,
,,,0.000030560000,  -0.04000,
,,,0.000030580000,  -0.04000,
,,,0.000030600000,  -0.04000,
,,,0.000030620000,  -0.03600,
,,,0.000030640000,  -0.04400,
,,,0.000030660000,  -0.04400,
,,,0.000030680000,  -0.04800,
,,,0.000030700000,  -0.03200,
,,,0.000030720000,  -0.04000,
,,,0.000030740000,  -0.04000,
,,,0.000030760000,  -0.04800,
,,,0.000030780000,  -0.06000,
,,,0.000030800000,  -0.05600,
,,,0.000030820000,  -0.05200,
,,,0.000030840000,  -0.04000,
,,,0.000030860000,  -0.05600,
,,,0.000030880000,  -0.04400,
,,,0.000030900000,  -0.04400,
,,,0.000030920000,  -0.04800,
,,,0.000030940000,  -0.04400,
,,,0.000030960000,  -0.04400,
,,,0.000030980000,  -0.04400,
,,,0.000031000000,  -0.05200,
,,,0.000031020000,  -0.05200,
,,,0.000031040000,  -0.04800,
,,,0.000031060000,  -0.05200,
,,,0.000031080000,  -0.04800,
,,,0.000031100000,  -0.06000,
,,,0.000031120000,  -0.04800,
,,,0.000031140000,  -0.05200,
,,,0.000031160000,  -0.06000,
,,,0.000031180000,  -0.06000,
,,,0.000031200000,  -0.05600,
,,,0.000031220000,  -0.06400,
,,,0.000031240000,  -0.06800,
,,,0.000031260000,  -0.06000,
,,,0.000031280000,  -0.07200,
,,,0.000031300000,  -0.07200,
,,,0.000031320000,  -0.06400,
,,,0.000031340000,  -0.06400,
,,,0.000031360000,  -0.06400,
,,,0.000031380000,  -0.06400,
,,,0.000031400000,  -0.06400,
,,,0.000031420000,  -0.06400,
,,,0.000031440000,  -0.06400,
,,,0.000031460000,  -0.07200,
,,,0.000031480000,  -0.06800,
,,,0.000031500000,  -0.06000,
,,,0.000031520000,  -0.06400,
,,,0.000031540000,  -0.06800,
,,,0.000031560000,  -0.06400,
,,,0.000031580000,  -0.09200,
,,,0.000031600000,  -0.06800,
,,,0.000031620000,  -0.07600,
,,,0.000031640000,  -0.07200,
,,,0.000031660000,  -0.08000,
,,,0.000031680000,  -0.07200,
,,,0.000031700000,  -0.06800,
,,,0.000031720000,  -0.08400,
,,,0.000031740000,  -0.08400,
,,,0.000031760000,  -0.07600,
,,,0.000031780000,  -0.08000,
,,,0.000031800000,  -0.07200,
,,,0.000031820000,  -0.07600,
,,,0.000031840000,  -0.06400,
,,,0.000031860000,  -0.08800,
,,,0.000031880000,  -0.08400,
,,,0.000031900000,  -0.09200,
,,,0.000031920000,  -0.09600,
,,,0.000031940000,  -0.08000,
,,,0.000031960000,  -0.07600,
,,,0.000031980000,  -0.08000,
,,,0.000032000000,  -0.08800,
,,,0.000032020000,  -0.09200,
,,,0.000032040000,  -0.08000,
,,,0.000032060000,  -0.08800,
,,,0.000032080000,  -0.09600,
,,,0.000032100000,  -0.09200,
,,,0.000032120000,  -0.09600,
,,,0.000032140000,  -0.09200,
,,,0.000032160000,  -0.08800,
,,,0.000032180000,  -0.08800,
,,,0.000032200000,  -0.08800,
,,,0.000032220000,  -0.09200,
,,,0.000032240000,  -0.09200,
,,,0.000032260000,  -0.08400,
,,,0.000032280000,  -0.09600,
,,,0.000032300000,  -0.09200,
,,,0.000032320000,  -0.09200,
,,,0.000032340000,  -0.09200,
,,,0.000032360000,  -0.09200,
,,,0.000032380000,  -0.09200,
,,,0.000032400000,  -0.10000,
,,,0.000032420000,  -0.09200,
,,,0.000032440000,  -0.09200,
,,,0.000032460000,  -0.09600,
,,,0.000032480000,  -0.08800,
,,,0.000032500000,  -0.09600,
,,,0.000032520000,  -0.11200,
,,,0.000032540000,  -0.10800,
,,,0.000032560000,  -0.10000,
,,,0.000032580000,  -0.09200,
,,,0.000032600000,  -0.09200,
,,,0.000032620000,  -0.09200,
,,,0.000032640000,  -0.09200,
,,,0.000032660000,  -0.10800,
,,,0.000032680000,  -0.10400,
,,,0.000032700000,  -0.11200,
,,,0.000032720000,  -0.09600,
,,,0.000032740000,  -0.10800,
,,,0.000032760000,  -0.10800,
,,,0.000032780000,  -0.10800,
,,,0.000032800000,  -0.11200,
,,,0.000032820000,  -0.11600,
,,,0.000032840000,  -0.11600,
,,,0.000032860000,  -0.11600,
,,,0.000032880000,  -0.11200,
,,,0.000032900000,  -0.11200,
,,,0.000032920000,  -0.10400,
,,,0.000032940000,  -0.10800,
,,,0.000032960000,  -0.10400,
,,,0.000032980000,  -0.11600,
,,,0.000033000000,  -0.11600,
,,,0.000033020000,  -0.12400,
,,,0.000033040000,  -0.11600,
,,,0.000033060000,  -0.11200,
,,,0.000033080000,  -0.10800,
,,,0.000033100000,  -0.11600,
,,,0.000033120000,  -0.11600,
,,,0.000033140000,  -0.12400,
,,,0.000033160000,  -0.11600,
,,,0.000033180000,  -0.11600,
,,,0.000033200000,  -0.12800,
,,,0.000033220000,  -0.11200,
,,,0.000033240000,  -0.11200,
,,,0.000033260000,  -0.12400,
,,,0.000033280000,  -0.11600,
,,,0.000033300000,  -0.12400,
,,,0.000033320000,  -0.11200,
,,,0.000033340000,  -0.12400,
,,,0.000033360000,  -0.12400,
,,,0.000033380000,  -0.12400,
,,,0.000033400000,  -0.13200,
,,,0.000033420000,  -0.12800,
,,,0.000033440000,  -0.13600,
,,,0.000033460000,  -0.12800,
,,,0.000033480000,  -0.12400,
,,,0.000033500000,  -0.12800,
,,,0.000033520000,  -0.13200,
,,,0.000033540000,  -0.13200,
,,,0.000033560000,  -0.12800,
,,,0.000033580000,  -0.12400,
,,,0.000033600000,  -0.12400,
,,,0.000033620000,  -0.12800,
,,,0.000033640000,  -0.13600,
,,,0.000033660000,  -0.13600,
,,,0.000033680000,  -0.12800,
,,,0.000033700000,  -0.13200,
,,,0.000033720000,  -0.13200,
,,,0.000033740000,  -0.12400,
,,,0.000033760000,  -0.13200,
,,,0.000033780000,  -0.14000,
,,,0.000033800000,  -0.14000,
,,,0.000033820000,  -0.13200,
,,,0.000033840000,  -0.12800,
,,,0.000033860000,  -0.13600,
,,,0.000033880000,  -0.12400,
,,,0.000033900000,  -0.14000,
,,,0.000033920000,  -0.13200,
,,,0.000033940000,  -0.14000,
,,,0.000033960000,  -0.13600,
,,,0.000033980000,  -0.13600,
,,,0.000034000000,  -0.13200,
,,,0.000034020000,  -0.13600,
,,,0.000034040000,  -0.12000,
,,,0.000034060000,  -0.12000,
,,,0.000034080000,  -0.12400,
,,,0.000034100000,  -0.13600,
,,,0.000034120000,  -0.15600,
,,,0.000034140000,  -0.14400,
,,,0.000034160000,  -0.13600,
,,,0.000034180000,  -0.13200,
,,,0.000034200000,  -0.13600,
,,,0.000034220000,  -0.13200,
,,,0.000034240000,  -0.14400,
,,,0.000034260000,  -0.14800,
,,,0.000034280000,  -0.14800,
,,,0.000034300000,  -0.15200,
,,,0.000034320000,  -0.13600,
,,,0.000034340000,  -0.14000,
,,,0.000034360000,  -0.13600,
,,,0.000034380000,  -0.14400,
,,,0.000034400000,  -0.13600,
,,,0.000034420000,  -0.14400,
,,,0.000034440000,  -0.14800,
,,,0.000034460000,  -0.14400,
,,,0.000034480000,  -0.14800,
,,,0.000034500000,  -0.14400,
,,,0.000034520000,  -0.14000,
,,,0.000034540000,  -0.14800,
,,,0.000034560000,  -0.14400,
,,,0.000034580000,  -0.14800,
,,,0.000034600000,  -0.14800,
,,,0.000034620000,  -0.15600,
,,,0.000034640000,  -0.15200,
,,,0.000034660000,  -0.14000,
,,,0.000034680000,  -0.14400,
,,,0.000034700000,  -0.14000,
,,,0.000034720000,  -0.13600,
,,,0.000034740000,  -0.15600,
,,,0.000034760000,  -0.16000,
,,,0.000034780000,  -0.15200,
,,,0.000034800000,  -0.14000,
,,,0.000034820000,  -0.14800,
,,,0.000034840000,  -0.15200,
,,,0.000034860000,  -0.14800,
,,,0.000034880000,  -0.15200,
,,,0.000034900000,  -0.14400,
,,,0.000034920000,  -0.15200,
,,,0.000034940000,  -0.14800,
,,,0.000034960000,  -0.14800,
,,,0.000034980000,  -0.14800,
,,,0.000035000000,  -0.15200,
,,,0.000035020000,  -0.16000,
,,,0.000035040000,  -0.16000,
,,,0.000035060000,  -0.15200,
,,,0.000035080000,  -0.16000,
,,,0.000035100000,  -0.15600,
,,,0.000035120000,  -0.16000,
,,,0.000035140000,  -0.14800,
,,,0.000035160000,  -0.14800,
,,,0.000035180000,  -0.15600,
,,,0.000035200000,  -0.16000,
,,,0.000035220000,  -0.16000,
,,,0.000035240000,  -0.17200,
,,,0.000035260000,  -0.16000,
,,,0.000035280000,  -0.15600,
,,,0.000035300000,  -0.14800,
,,,0.000035320000,  -0.14800,
,,,0.000035340000,  -0.15600,
,,,0.000035360000,  -0.16000,
,,,0.000035380000,  -0.16400,
,,,0.000035400000,  -0.16800,
,,,0.000035420000,  -0.15600,
,,,0.000035440000,  -0.15600,
,,,0.000035460000,  -0.15600,
,,,0.000035480000,  -0.16000,
,,,0.000035500000,  -0.15200,
,,,0.000035520000,  -0.16400,
,,,0.000035540000,  -0.16400,
,,,0.000035560000,  -0.16800,
,,,0.000035580000,  -0.16800,
,,,0.000035600000,  -0.16400,
,,,0.000035620000,  -0.16800,
,,,0.000035640000,  -0.15600,
,,,0.000035660000,  -0.16400,
,,,0.000035680000,  -0.16400,
,,,0.000035700000,  -0.16800,
,,,0.000035720000,  -0.17200,
,,,0.000035740000,  -0.15600,
,,,0.000035760000,  -0.15600,
,,,0.000035780000,  -0.15600,
,,,0.000035800000,  -0.16800,
,,,0.000035820000,  -0.17200,
,,,0.000035840000,  -0.17600,
,,,0.000035860000,  -0.16000,
,,,0.000035880000,  -0.16800,
,,,0.000035900000,  -0.17200,
,,,0.000035920000,  -0.16000,
,,,0.000035940000,  -0.16400,
,,,0.000035960000,  -0.16800,
,,,0.000035980000,  -0.16000,
,,,0.000036000000,  -0.16400,
,,,0.000036020000,  -0.16000,
,,,0.000036040000,  -0.16000,
,,,0.000036060000,  -0.17200,
,,,0.000036080000,  -0.16400,
,,,0.000036100000,  -0.16800,
,,,0.000036120000,  -0.16000,
,,,0.000036140000,  -0.16800,
,,,0.000036160000,  -0.16400,
,,,0.000036180000,  -0.17200,
,,,0.000036200000,  -0.17600,
,,,0.000036220000,  -0.16000,
,,,0.000036240000,  -0.16000,
,,,0.000036260000,  -0.16800,
,,,0.000036280000,  -0.16800,
,,,0.000036300000,  -0.16400,
,,,0.000036320000,  -0.16000,
,,,0.000036340000,  -0.17200,
,,,0.000036360000,  -0.17200,
,,,0.000036380000,  -0.18000,
,,,0.000036400000,  -0.16800,
,,,0.000036420000,  -0.16800,
,,,0.000036440000,  -0.16400,
,,,0.000036460000,  -0.16800,
,,,0.000036480000,  -0.17200,
,,,0.000036500000,  -0.16800,
,,,0.000036520000,  -0.17200,
,,,0.000036540000,  -0.17200,
,,,0.000036560000,  -0.16800,
,,,0.000036580000,  -0.17200,
,,,0.000036600000,  -0.16800,
,,,0.000036620000,  -0.16400,
,,,0.000036640000,  -0.16800,
,,,0.000036660000,  -0.16400,
,,,0.000036680000,  -0.16800,
,,,0.000036700000,  -0.15600,
,,,0.000036720000,  -0.16800,
,,,0.000036740000,  -0.16800,
,,,0.000036760000,  -0.16000,
,,,0.000036780000,  -0.16400,
,,,0.000036800000,  -0.16800,
,,,0.000036820000,  -0.17200,
,,,0.000036840000,  -0.16000,
,,,0.000036860000,  -0.16400,
,,,0.000036880000,  -0.16800,
,,,0.000036900000,  -0.15600,
,,,0.000036920000,  -0.16000,
,,,0.000036940000,  -0.16800,
,,,0.000036960000,  -0.16800,
,,,0.000036980000,  -0.17600,
,,,0.000037000000,  -0.17600,
,,,0.000037020000,  -0.16400,
,,,0.000037040000,  -0.17200,
,,,0.000037060000,  -0.16000,
,,,0.000037080000,  -0.16400,
,,,0.000037100000,  -0.16400,
,,,0.000037120000,  -0.16400,
,,,0.000037140000,  -0.16000,
,,,0.000037160000,  -0.16800,
,,,0.000037180000,  -0.14800,
,,,0.000037200000,  -0.14800,
,,,0.000037220000,  -0.16000,
,,,0.000037240000,  -0.16400,
,,,0.000037260000,  -0.17200,
,,,0.000037280000,  -0.16400,
,,,0.000037300000,  -0.17200,
,,,0.000037320000,  -0.16800,
,,,0.000037340000,  -0.15600,
,,,0.000037360000,  -0.16000,
,,,0.000037380000,  -0.16000,
,,,0.000037400000,  -0.16800,
,,,0.000037420000,  -0.16800,
,,,0.000037440000,  -0.16400,
,,,0.000037460000,  -0.16400,
,,,0.000037480000,  -0.17600,
,,,0.000037500000,  -0.16000,
,,,0.000037520000,  -0.16400,
,,,0.000037540000,  -0.16000,
,,,0.000037560000,  -0.16000,
,,,0.000037580000,  -0.15600,
,,,0.000037600000,  -0.16000,
,,,0.000037620000,  -0.16400,
,,,0.000037640000,  -0.15600,
,,,0.000037660000,  -0.16400,
,,,0.000037680000,  -0.15600,
,,,0.000037700000,  -0.16400,
,,,0.000037720000,  -0.15600,
,,,0.000037740000,  -0.15600,
,,,0.000037760000,  -0.16400,
,,,0.000037780000,  -0.15600,
,,,0.000037800000,  -0.15200,
,,,0.000037820000,  -0.14800,
,,,0.000037840000,  -0.15200,
,,,0.000037860000,  -0.15600,
,,,0.000037880000,  -0.17200,
,,,0.000037900000,  -0.16400,
,,,0.000037920000,  -0.16400,
,,,0.000037940000,  -0.16800,
,,,0.000037960000,  -0.16400,
,,,0.000037980000,  -0.16000,
,,,0.000038000000,  -0.15200,
,,,0.000038020000,  -0.14800,
,,,0.000038040000,  -0.16000,
,,,0.000038060000,  -0.16000,
,,,0.000038080000,  -0.17200,
,,,0.000038100000,  -0.16000,
,,,0.000038120000,  -0.16000,
,,,0.000038140000,  -0.16000,
,,,0.000038160000,  -0.14800,
,,,0.000038180000,  -0.15600,
,,,0.000038200000,  -0.15200,
,,,0.000038220000,  -0.15200,
,,,0.000038240000,  -0.16400,
,,,0.000038260000,  -0.15600,
,,,0.000038280000,  -0.16000,
,,,0.000038300000,  -0.15600,
,,,0.000038320000,  -0.15600,
,,,0.000038340000,  -0.15200,
,,,0.000038360000,  -0.16800,
,,,0.000038380000,  -0.15600,
,,,0.000038400000,  -0.16400,
,,,0.000038420000,  -0.14800,
,,,0.000038440000,  -0.14800,
,,,0.000038460000,  -0.15600,
,,,0.000038480000,  -0.15600,
,,,0.000038500000,  -0.15600,
,,,0.000038520000,  -0.16400,
,,,0.000038540000,  -0.15600,
,,,0.000038560000,  -0.15200,
,,,0.000038580000,  -0.15200,
,,,0.000038600000,  -0.15200,
,,,0.000038620000,  -0.14800,
,,,0.000038640000,  -0.16000,
,,,0.000038660000,  -0.16400,
,,,0.000038680000,  -0.15600,
,,,0.000038700000,  -0.16000,
,,,0.000038720000,  -0.16400,
,,,0.000038740000,  -0.16000,
,,,0.000038760000,  -0.15600,
,,,0.000038780000,  -0.14800,
,,,0.000038800000,  -0.15600,
,,,0.000038820000,  -0.16400,
,,,0.000038840000,  -0.15200,
,,,0.000038860000,  -0.14800,
,,,0.000038880000,  -0.16400,
,,,0.000038900000,  -0.14400,
,,,0.000038920000,  -0.15600,
,,,0.000038940000,  -0.14800,
,,,0.000038960000,  -0.14400,
,,,0.000038980000,  -0.14800,
,,,0.000039000000,  -0.14800,
,,,0.000039020000,  -0.15200,
,,,0.000039040000,  -0.15200,
,,,0.000039060000,  -0.15200,
,,,0.000039080000,  -0.16000,
,,,0.000039100000,  -0.15600,
,,,0.000039120000,  -0.14400,
,,,0.000039140000,  -0.15200,
,,,0.000039160000,  -0.14000,
,,,0.000039180000,  -0.14800,
,,,0.000039200000,  -0.14800,
,,,0.000039220000,  -0.15600,
,,,0.000039240000,  -0.15200,
,,,0.000039260000,  -0.14000,
,,,0.000039280000,  -0.14400,
,,,0.000039300000,  -0.14000,
,,,0.000039320000,  -0.14800,
,,,0.000039340000,  -0.15200,
,,,0.000039360000,  -0.14400,
,,,0.000039380000,  -0.14400,
,,,0.000039400000,  -0.14800,
,,,0.000039420000,  -0.14000,
,,,0.000039440000,  -0.14000,
,,,0.000039460000,  -0.14000,
,,,0.000039480000,  -0.14400,
,,,0.000039500000,  -0.14800,
,,,0.000039520000,  -0.14400,
,,,0.000039540000,  -0.14400,
,,,0.000039560000,  -0.14000,
,,,0.000039580000,  -0.14000,
,,,0.000039600000,  -0.13600,
,,,0.000039620000,  -0.13200,
,,,0.000039640000,  -0.15200,
,,,0.000039660000,  -0.14400,
,,,0.000039680000,  -0.14000,
,,,0.000039700000,  -0.14000,
,,,0.000039720000,  -0.13600,
,,,0.000039740000,  -0.13200,
,,,0.000039760000,  -0.13200,
,,,0.000039780000,  -0.13200,
,,,0.000039800000,  -0.13200,
,,,0.000039820000,  -0.14400,
,,,0.000039840000,  -0.14400,
,,,0.000039860000,  -0.13600,
,,,0.000039880000,  -0.12400,
,,,0.000039900000,  -0.12000,
,,,0.000039920000,  -0.12800,
,,,0.000039940000,  -0.13600,
,,,0.000039960000,  -0.13200,
,,,0.000039980000,  -0.12800,
,,,0.000040000000,  -0.12000,
,,,0.000040020000,  -0.13200,
,,,0.000040040000,  -0.12800,
,,,0.000040060000,  -0.13600,
,,,0.000040080000,  -0.13200,
,,,0.000040100000,  -0.13200,
,,,0.000040120000,  -0.13200,
,,,0.000040140000,  -0.14000,
,,,0.000040160000,  -0.13200,
,,,0.000040180000,  -0.13600,
,,,0.000040200000,  -0.12800,
,,,0.000040220000,  -0.12000,
,,,0.000040240000,  -0.12000,
,,,0.000040260000,  -0.12000,
,,,0.000040280000,  -0.12000,
,,,0.000040300000,  -0.12000,
,,,0.000040320000,  -0.12000,
,,,0.000040340000,  -0.12400,
,,,0.000040360000,  -0.12800,
,,,0.000040380000,  -0.12800,
,,,0.000040400000,  -0.12800,
,,,0.000040420000,  -0.12800,
,,,0.000040440000,  -0.12400,
,,,0.000040460000,  -0.12400,
,,,0.000040480000,  -0.12000,
,,,0.000040500000,  -0.11600,
,,,0.000040520000,  -0.12000,
,,,0.000040540000,  -0.12400,
,,,0.000040560000,  -0.12000,
,,,0.000040580000,  -0.12800,
,,,0.000040600000,  -0.12000,
,,,0.000040620000,  -0.10800,
,,,0.000040640000,  -0.11600,
,,,0.000040660000,  -0.10800,
,,,0.000040680000,  -0.10800,
,,,0.000040700000,  -0.11200,
,,,0.000040720000,  -0.10400,
,,,0.000040740000,  -0.10800,
,,,0.000040760000,  -0.10800,
,,,0.000040780000,  -0.11200,
,,,0.000040800000,  -0.10400,
,,,0.000040820000,  -0.11600,
,,,0.000040840000,  -0.11200,
,,,0.000040860000,  -0.10800,
,,,0.000040880000,  -0.09600,
,,,0.000040900000,  -0.09600,
,,,0.000040920000,  -0.09200,
,,,0.000040940000,  -0.10000,
,,,0.000040960000,  -0.10000,
,,,0.000040980000,  -0.10400,
,,,0.000041000000,  -0.11200,
,,,0.000041020000,  -0.10400,
,,,0.000041040000,  -0.10400,
,,,0.000041060000,  -0.10400,
,,,0.000041080000,  -0.10800,
,,,0.000041100000,  -0.10000,
,,,0.000041120000,  -0.10000,
,,,0.000041140000,  -0.10400,
,,,0.000041160000,  -0.10400,
,,,0.000041180000,  -0.09600,
,,,0.000041200000,  -0.08000,
,,,0.000041220000,  -0.09200,
,,,0.000041240000,  -0.09600,
,,,0.000041260000,  -0.10000,
,,,0.000041280000,  -0.08400,
,,,0.000041300000,  -0.09200,
,,,0.000041320000,  -0.09200,
,,,0.000041340000,  -0.09600,
,,,0.000041360000,  -0.09600,
,,,0.000041380000,  -0.09600,
,,,0.000041400000,  -0.10000,
,,,0.000041420000,  -0.09200,
,,,0.000041440000,  -0.08800,
,,,0.000041460000,  -0.08800,
,,,0.000041480000,  -0.09200,
,,,0.000041500000,  -0.07200,
,,,0.000041520000,  -0.08000,
,,,0.000041540000,  -0.08400,
,,,0.000041560000,  -0.09200,
,,,0.000041580000,  -0.08800,
,,,0.000041600000,  -0.08400,
,,,0.000041620000,  -0.07600,
,,,0.000041640000,  -0.08400,
,,,0.000041660000,  -0.07200,
,,,0.000041680000,  -0.08000,
,,,0.000041700000,  -0.08000,
,,,0.000041720000,  -0.08000,
,,,0.000041740000,  -0.09200,
,,,0.000041760000,  -0.08800,
,,,0.000041780000,  -0.08400,
,,,0.000041800000,  -0.07600,
,,,0.000041820000,  -0.08400,
,,,0.000041840000,  -0.08400,
,,,0.000041860000,  -0.09200,
,,,0.000041880000,  -0.10400,
,,,0.000041900000,  -0.07600,
,,,0.000041920000,  -0.06400,
,,,0.000041940000,  -0.07200,
,,,0.000041960000,  -0.08000,
,,,0.000041980000,  -0.07200,
,,,0.000042000000,  -0.07200,
,,,0.000042020000,  -0.08400,
,,,0.000042040000,  -0.06800,
,,,0.000042060000,  -0.06800,
,,,0.000042080000,  -0.06800,
,,,0.000042100000,  -0.06800,
,,,0.000042120000,  -0.07200,
,,,0.000042140000,  -0.07200,
,,,0.000042160000,  -0.06400,
,,,0.000042180000,  -0.06800,
,,,0.000042200000,  -0.06800,
,,,0.000042220000,  -0.07200,
,,,0.000042240000,  -0.06400,
,,,0.000042260000,  -0.06000,
,,,0.000042280000,  -0.06000,
,,,0.000042300000,  -0.06800,
,,,0.000042320000,  -0.07200,
,,,0.000042340000,  -0.06800,
,,,0.000042360000,  -0.06800,
,,,0.000042380000,  -0.06400,
,,,0.000042400000,  -0.06000,
,,,0.000042420000,  -0.05200,
,,,0.000042440000,  -0.05600,
,,,0.000042460000,  -0.05600,
,,,0.000042480000,  -0.05600,
,,,0.000042500000,  -0.05600,
,,,0.000042520000,  -0.06000,
,,,0.000042540000,  -0.06000,
,,,0.000042560000,  -0.05600,
,,,0.000042580000,  -0.05200,
,,,0.000042600000,  -0.05200,
,,,0.000042620000,  -0.04000,
,,,0.000042640000,  -0.04800,
,,,0.000042660000,  -0.05600,
,,,0.000042680000,  -0.06400,
,,,0.000042700000,  -0.05600,
,,,0.000042720000,  -0.06000,
,,,0.000042740000,  -0.05200,
,,,0.000042760000,  -0.04400,
,,,0.000042780000,  -0.05200,
,,,0.000042800000,  -0.04400,
,,,0.000042820000,  -0.05200,
,,,0.000042840000,  -0.04800,
,,,0.000042860000,  -0.04800,
,,,0.000042880000,  -0.04400,
,,,0.000042900000,  -0.04000,
,,,0.000042920000,  -0.04400,
,,,0.000042940000,  -0.05200,
,,,0.000042960000,  -0.04000,
,,,0.000042980000,  -0.04800,
,,,0.000043000000,  -0.04400,
,,,0.000043020000,  -0.03200,
,,,0.000043040000,  -0.04000,
,,,0.000043060000,  -0.04800,
,,,0.000043080000,  -0.04800,
,,,0.000043100000,  -0.04000,
,,,0.000043120000,  -0.02800,
,,,0.000043140000,  -0.02800,
,,,0.000043160000,  -0.03200,
,,,0.000043180000,  -0.03200,
,,,0.000043200000,  -0.03600,
,,,0.000043220000,  -0.04000,
,,,0.000043240000,  -0.03600,
,,,0.000043260000,  -0.02400,
,,,0.000043280000,  -0.02800,
,,,0.000043300000,  -0.02800,
,,,0.000043320000,  -0.03600,
,,,0.000043340000,  -0.03600,
,,,0.000043360000,  -0.03200,
,,,0.000043380000,  -0.02000,
,,,0.000043400000,  -0.03200,
,,,0.000043420000,  -0.02400,
,,,0.000043440000,  -0.02400,
,,,0.000043460000,  -0.02800,
,,,0.000043480000,  -0.02400,
,,,0.000043500000,  -0.02400,
,,,0.000043520000,  -0.01600,
,,,0.000043540000,  -0.01600,
,,,0.000043560000,  -0.01600,
,,,0.000043580000,  -0.02800,
,,,0.000043600000,  -0.02800,
,,,0.000043620000,  -0.02400,
,,,0.000043640000,  -0.02000,
,,,0.000043660000,  -0.01600,
,,,0.000043680000,  -0.01200,
,,,0.000043700000,  -0.02000,
,,,0.000043720000,  -0.02000,
,,,0.000043740000,  -0.01600,
,,,0.000043760000,  -0.01200,
,,,0.000043780000,  -0.01600,
,,,0.000043800000,  -0.02400,
,,,0.000043820000,  -0.01200,
,,,0.000043840000,   0.00000,
,,,0.000043860000,  -0.00800,
,,,0.000043880000,   0.00000,
,,,0.000043900000,   0.00000,
,,,0.000043920000,   0.00000,
,,,0.000043940000,  -0.00400,
,,,0.000043960000,   0.00000,
,,,0.000043980000,  -0.00400,
,,,0.000044000000,   0.00000,
,,,0.000044020000,   0.00000,
,,,0.000044040000,   0.00400,
,,,0.000044060000,  -0.00400,
,,,0.000044080000,  -0.00400,
,,,0.000044100000,  -0.00800,
,,,0.000044120000,   0.00000,
,,,0.000044140000,   0.00000,
,,,0.000044160000,   0.00000,
,,,0.000044180000,   0.00400,
,,,0.000044200000,   0.00800,
,,,0.000044220000,   0.00400,
,,,0.000044240000,   0.00400,
,,,0.000044260000,   0.00800,
,,,0.000044280000,  -0.00400,
,,,0.000044300000,  -0.00800,
,,,0.000044320000,   0.00400,
,,,0.000044340000,   0.00400,
,,,0.000044360000,   0.01600,
,,,0.000044380000,   0.00800,
,,,0.000044400000,   0.01200,
,,,0.000044420000,   0.01200,
,,,0.000044440000,   0.00400,
,,,0.000044460000,   0.00000,
,,,0.000044480000,   0.01200,
,,,0.000044500000,   0.01600,
,,,0.000044520000,   0.02400,
,,,0.000044540000,   0.01200,
,,,0.000044560000,   0.02400,
,,,0.000044580000,   0.02000,
,,,0.000044600000,   0.02000,
,,,0.000044620000,   0.01600,
,,,0.000044640000,   0.01200,
,,,0.000044660000,   0.02400,
,,,0.000044680000,   0.01200,
,,,0.000044700000,   0.02000,
,,,0.000044720000,   0.02400,
,,,0.000044740000,   0.01600,
,,,0.000044760000,   0.02400,
,,,0.000044780000,   0.03200,
,,,0.000044800000,   0.02800,
,,,0.000044820000,   0.02800,
,,,0.000044840000,   0.02400,
,,,0.000044860000,   0.02000,
,,,0.000044880000,   0.03200,
,,,0.000044900000,   0.02800,
,,,0.000044920000,   0.02400,
,,,0.000044940000,   0.03200,
,,,0.000044960000,   0.02800,
,,,0.000044980000,   0.04000,
,,,0.000045000000,   0.03200,
,,,0.000045020000,   0.03600,
,,,0.000045040000,   0.02400,
,,,0.000045060000,   0.04000,
,,,0.000045080000,   0.03200,
,,,0.000045100000,   0.03200,
,,,0.000045120000,   0.03600,
,,,0.000045140000,   0.03600,
,,,0.000045160000,   0.04000,
,,,0.000045180000,   0.03200,
,,,0.000045200000,   0.03200,
,,,0.000045220000,   0.02800,
,,,0.000045240000,   0.04000,
,,,0.000045260000,   0.04000,
,,,0.000045280000,   0.04400,
,,,0.000045300000,   0.04800,
,,,0.000045320000,   0.04400,
,,,0.000045340000,   0.04800,
,,,0.000045360000,   0.05600,
,,,0.000045380000,   0.04400,
,,,0.000045400000,   0.04400,
,,,0.000045420000,   0.04000,
,,,0.000045440000,   0.04400,
,,,0.000045460000,   0.05200,
,,,0.000045480000,   0.06000,
,,,0.000045500000,   0.05600,
,,,0.000045520000,   0.05200,
,,,0.000045540000,   0.04800,
,,,0.000045560000,   0.04800,
,,,0.000045580000,   0.03200,
,,,0.000045600000,   0.04800,
,,,0.000045620000,   0.06000,
,,,0.000045640000,   0.06400,
,,,0.000045660000,   0.05600,
,,,0.000045680000,   0.06000,
,,,0.000045700000,   0.06000,
,,,0.000045720000,   0.05200,
,,,0.000045740000,   0.06800,
,,,0.000045760000,   0.06000,
,,,0.000045780000,   0.06400,
,,,0.000045800000,   0.06000,
,,,0.000045820000,   0.06000,
,,,0.000045840000,   0.06400,
,,,0.000045860000,   0.04800,
,,,0.000045880000,   0.06400,
,,,0.000045900000,   0.06800,
,,,0.000045920000,   0.07200,
,,,0.000045940000,   0.06400,
,,,0.000045960000,   0.06400,
,,,0.000045980000,   0.06800,
,,,0.000046000000,   0.06000,
,,,0.000046020000,   0.06000,
,,,0.000046040000,   0.06400,
,,,0.000046060000,   0.06400,
,,,0.000046080000,   0.06800,
,,,0.000046100000,   0.07600,
,,,0.000046120000,   0.08000,
,,,0.000046140000,   0.07200,
,,,0.000046160000,   0.08400,
,,,0.000046180000,   0.06800,
,,,0.000046200000,   0.07600,
,,,0.000046220000,   0.07200,
,,,0.000046240000,   0.08400,
,,,0.000046260000,   0.08800,
,,,0.000046280000,   0.08000,
,,,0.000046300000,   0.08400,
,,,0.000046320000,   0.07200,
,,,0.000046340000,   0.07200,
,,,0.000046360000,   0.07600,
,,,0.000046380000,   0.08000,
,,,0.000046400000,   0.09200,
,,,0.000046420000,   0.08400,
,,,0.000046440000,   0.07600,
,,,0.000046460000,   0.08000,
,,,0.000046480000,   0.07200,
,,,0.000046500000,   0.08800,
,,,0.000046520000,   0.08400,
,,,0.000046540000,   0.08400,
,,,0.000046560000,   0.08000,
,,,0.000046580000,   0.08800,
,,,0.000046600000,   0.08000,
,,,0.000046620000,   0.08800,
,,,0.000046640000,   0.08800,
,,,0.000046660000,   0.08000,
,,,0.000046680000,   0.08800,
,,,0.000046700000,   0.08400,
,,,0.000046720000,   0.08800,
,,,0.000046740000,   0.10000,
,,,0.000046760000,   0.09600,
,,,0.000046780000,   0.08800,
,,,0.000046800000,   0.09200,
,,,0.000046820000,   0.09200,
,,,0.000046840000,   0.08800,
,,,0.000046860000,   0.10000,
,,,0.000046880000,   0.09200,
,,,0.000046900000,   0.09600,
,,,0.000046920000,   0.10000,
,,,0.000046940000,   0.08800,
,,,0.000046960000,   0.10400,
,,,0.000046980000,   0.08800,
,,,0.000047000000,   0.09200,
,,,0.000047020000,   0.09200,
,,,0.000047040000,   0.10000,
,,,0.000047060000,   0.09600,
,,,0.000047080000,   0.10800,
,,,0.000047100000,   0.11200,
,,,0.000047120000,   0.10000,
,,,0.000047140000,   0.10000,
,,,0.000047160000,   0.10400,
,,,0.000047180000,   0.10400,
,,,0.000047200000,   0.10400,
,,,0.000047220000,   0.10800,
,,,0.000047240000,   0.10400,
,,,0.000047260000,   0.11200,
,,,0.000047280000,   0.11200,
,,,0.000047300000,   0.10800,
,,,0.000047320000,   0.10000,
,,,0.000047340000,   0.10800,
,,,0.000047360000,   0.10800,
,,,0.000047380000,   0.11600,
,,,0.000047400000,   0.10800,
,,,0.000047420000,   0.09600,
,,,0.000047440000,   0.11200,
,,,0.000047460000,   0.10400,
,,,0.000047480000,   0.12400,
,,,0.000047500000,   0.12000,
,,,0.000047520000,   0.12000,
,,,0.000047540000,   0.10800,
,,,0.000047560000,   0.11200,
,,,0.000047580000,   0.10800,
,,,0.000047600000,   0.11200,
,,,0.000047620000,   0.12800,
,,,0.000047640000,   0.11600,
,,,0.000047660000,   0.12400,
,,,0.000047680000,   0.11600,
,,,0.000047700000,   0.13200,
,,,0.000047720000,   0.13200,
,,,0.000047740000,   0.12000,
,,,0.000047760000,   0.13200,
,,,0.000047780000,   0.11600,
,,,0.000047800000,   0.12000,
,,,0.000047820000,   0.11200,
,,,0.000047840000,   0.12400,
,,,0.000047860000,   0.13200,
,,,0.000047880000,   0.13600,
,,,0.000047900000,   0.14400,
,,,0.000047920000,   0.12800,
,,,0.000047940000,   0.11600,
,,,0.000047960000,   0.12400,
,,,0.000047980000,   0.12800,
,,,0.000048000000,   0.14000,
,,,0.000048020000,   0.14800,
,,,0.000048040000,   0.12800,
,,,0.000048060000,   0.14000,
,,,0.000048080000,   0.14000,
,,,0.000048100000,   0.13600,
,,,0.000048120000,   0.12800,
,,,0.000048140000,   0.13200,
,,,0.000048160000,   0.14800,
,,,0.000048180000,   0.14400,
,,,0.000048200000,   0.14000,
,,,0.000048220000,   0.14400,
,,,0.000048240000,   0.14000,
,,,0.000048260000,   0.13200,
,,,0.000048280000,   0.14000,
,,,0.000048300000,   0.12400,
,,,0.000048320000,   0.13200,
,,,0.000048340000,   0.14400,
,,,0.000048360000,   0.14000,
,,,0.000048380000,   0.13600,
,,,0.000048400000,   0.14000,
,,,0.000048420000,   0.12800,
,,,0.000048440000,   0.14400,
,,,0.000048460000,   0.14000,
,,,0.000048480000,   0.15200,
,,,0.000048500000,   0.14400,
,,,0.000048520000,   0.14800,
,,,0.000048540000,   0.14000,
,,,0.000048560000,   0.13200,
,,,0.000048580000,   0.15200,
,,,0.000048600000,   0.15200,
,,,0.000048620000,   0.15600,
,,,0.000048640000,   0.14400,
,,,0.000048660000,   0.14800,
,,,0.000048680000,   0.13200,
,,,0.000048700000,   0.13200,
,,,0.000048720000,   0.14000,
,,,0.000048740000,   0.14800,
,,,0.000048760000,   0.15600,
,,,0.000048780000,   0.15600,
,,,0.000048800000,   0.16400,
,,,0.000048820000,   0.16000,
,,,0.000048840000,   0.16000,
,,,0.000048860000,   0.15200,
,,,0.000048880000,   0.15200,
,,,0.000048900000,   0.16400,
,,,0.000048920000,   0.14400,
,,,0.000048940000,   0.15600,
,,,0.000048960000,   0.15600,
,,,0.000048980000,   0.16000,
,,,0.000049000000,   0.15600,
,,,0.000049020000,   0.14800,
,,,0.000049040000,   0.16400,
,,,0.000049060000,   0.15600,
,,,0.000049080000,   0.17200,
,,,0.000049100000,   0.16400,
,,,0.000049120000,   0.16000,
,,,0.000049140000,   0.15600,
,,,0.000049160000,   0.15200,
,,,0.000049180000,   0.14800,
,,,0.000049200000,   0.16000,
,,,0.000049220000,   0.16400,
,,,0.000049240000,   0.16000,
,,,0.000049260000,   0.16000,
,,,0.000049280000,   0.17200,
,,,0.000049300000,   0.15600,
,,,0.000049320000,   0.16400,
,,,0.000049340000,   0.15600,
,,,0.000049360000,   0.16400,
,,,0.000049380000,   0.16000,
,,,0.000049400000,   0.16800,
,,,0.000049420000,   0.16800,
,,,0.000049440000,   0.16800,
,,,0.000049460000,   0.16400,
,,,0.000049480000,   0.16400,
,,,0.000049500000,   0.17200,
,,,0.000049520000,   0.16400,
,,,0.000049540000,   0.17200,
,,,0.000049560000,   0.16800,
,,,0.000049580000,   0.16400,
,,,0.000049600000,   0.16800,
,,,0.000049620000,   0.17200,
,,,0.000049640000,   0.16400,
,,,0.000049660000,   0.17200,
,,,0.000049680000,   0.17600,
,,,0.000049700000,   0.16800,
,,,0.000049720000,   0.16400,
,,,0.000049740000,   0.17200,
,,,0.000049760000,   0.17600,
,,,0.000049780000,   0.19200,
,,,0.000049800000,   0.17200,
,,,0.000049820000,   0.17600,
,,,0.000049840000,   0.17200,
,,,0.000049860000,   0.16800,
,,,0.000049880000,   0.17600,
,,,0.000049900000,   0.17600,
,,,0.000049920000,   0.16800,
,,,0.000049940000,   0.18400,
,,,0.000049960000,   0.18000,
,,,0.000049980000,   0.17200,
,,,0.000050000000,   0.18000,
,,,0.000050020000,   0.17200,
,,,0.000050040000,   0.17200,
,,,0.000050060000,   0.16800,
,,,0.000050080000,   0.17200,
,,,0.000050100000,   0.16800,
,,,0.000050120000,   0.18000,
,,,0.000050140000,   0.17600,
,,,0.000050160000,   0.17200,
,,,0.000050180000,   0.16800,
,,,0.000050200000,   0.17600,
,,,0.000050220000,   0.18000,
,,,0.000050240000,   0.18400,
,,,0.000050260000,   0.17600,
,,,0.000050280000,   0.17600,
,,,0.000050300000,   0.17200,
,,,0.000050320000,   0.17600,
,,,0.000050340000,   0.17200,
,,,0.000050360000,   0.18000,
,,,0.000050380000,   0.18000,
,,,0.000050400000,   0.18800,
,,,0.000050420000,   0.18400,
,,,0.000050440000,   0.18000,
,,,0.000050460000,   0.17200,
,,,0.000050480000,   0.18000,
,,,0.000050500000,   0.18400,
,,,0.000050520000,   0.18800,
,,,0.000050540000,   0.18800,
,,,0.000050560000,   0.18400,
,,,0.000050580000,   0.17600,
,,,0.000050600000,   0.18000,
,,,0.000050620000,   0.18000,
,,,0.000050640000,   0.18000,
,,,0.000050660000,   0.17600,
,,,0.000050680000,   0.16800,
,,,0.000050700000,   0.16800,
,,,0.000050720000,   0.17600,
,,,0.000050740000,   0.19200,
,,,0.000050760000,   0.18800,
,,,0.000050780000,   0.18800,
,,,0.000050800000,   0.18400,
,,,0.000050820000,   0.18400,
,,,0.000050840000,   0.18000,
,,,0.000050860000,   0.19600,
,,,0.000050880000,   0.19200,
,,,0.000050900000,   0.18000,
,,,0.000050920000,   0.18800,
,,,0.000050940000,   0.16800,
,,,0.000050960000,   0.18800,
,,,0.000050980000,   0.18000,
,,,0.000051000000,   0.18000,
,,,0.000051020000,   0.18400,
,,,0.000051040000,   0.18000,
,,,0.000051060000,   0.18800,
,,,0.000051080000,   0.18400,
,,,0.000051100000,   0.18400,
,,,0.000051120000,   0.18000,
,,,0.000051140000,   0.17600,
,,,0.000051160000,   0.17600,
,,,0.000051180000,   0.18400,
,,,0.000051200000,   0.19200,
,,,0.000051220000,   0.18000,
,,,0.000051240000,   0.18400,
,,,0.000051260000,   0.19200,
,,,0.000051280000,   0.18400,
,,,0.000051300000,   0.18800,
,,,0.000051320000,   0.18000,
,,,0.000051340000,   0.18400,
,,,0.000051360000,   0.19600,
,,,0.000051380000,   0.18400,
,,,0.000051400000,   0.18400,
,,,0.000051420000,   0.17600,
,,,0.000051440000,   0.18000,
,,,0.000051460000,   0.19600,
,,,0.000051480000,   0.19600,
,,,0.000051500000,   0.18800,
,,,0.000051520000,   0.19200,
,,,0.000051540000,   0.18800,
,,,0.000051560000,   0.18000,
,,,0.000051580000,   0.18400,
,,,0.000051600000,   0.18800,
,,,0.000051620000,   0.19600,
,,,0.000051640000,   0.18800,
,,,0.000051660000,   0.18000,
,,,0.000051680000,   0.19600,
,,,0.000051700000,   0.19200,
,,,0.000051720000,   0.18800,
,,,0.000051740000,   0.18400,
,,,0.000051760000,   0.18400,
,,,0.000051780000,   0.18000,
,,,0.000051800000,   0.18400,
,,,0.000051820000,   0.17200,
,,,0.000051840000,   0.18800,
,,,0.000051860000,   0.20000,
,,,0.000051880000,   0.19200,
,,,0.000051900000,   0.16800,
,,,0.000051920000,   0.18800,
,,,0.000051940000,   0.18000,
,,,0.000051960000,   0.18400,
,,,0.000051980000,   0.19600,
,,,0.000052000000,   0.18400,
,,,0.000052020000,   0.18000,
,,,0.000052040000,   0.18400,
,,,0.000052060000,   0.18800,
,,,0.000052080000,   0.18400,
,,,0.000052100000,   0.20000,
,,,0.000052120000,   0.19200,
,,,0.000052140000,   0.18800,
,,,0.000052160000,   0.20000,
,,,0.000052180000,   0.18400,
,,,0.000052200000,   0.18800,
,,,0.000052220000,   0.18400,
,,,0.000052240000,   0.19600,
,,,0.000052260000,   0.18000,
,,,0.000052280000,   0.16800,
,,,0.000052300000,   0.18000,
,,,0.000052320000,   0.19200,
,,,0.000052340000,   0.20000,
,,,0.000052360000,   0.18800,
,,,0.000052380000,   0.18800,
,,,0.000052400000,   0.17600,
,,,0.000052420000,   0.18400,
,,,0.000052440000,   0.18800,
,,,0.000052460000,   0.17600,
,,,0.000052480000,   0.18400,
,,,0.000052500000,   0.19200,
,,,0.000052520000,   0.18000,
,,,0.000052540000,   0.18400,
,,,0.000052560000,   0.18800,
,,,0.000052580000,   0.18400,
,,,0.000052600000,   0.18800,
,,,0.000052620000,   0.18000,
,,,0.000052640000,   0.19200,
,,,0.000052660000,   0.18800,
,,,0.000052680000,   0.18000,
,,,0.000052700000,   0.18800,
,,,0.000052720000,   0.18800,
,,,0.000052740000,   0.18400,
,,,0.000052760000,   0.18400,
,,,0.000052780000,   0.18800,
,,,0.000052800000,   0.19200,
,,,0.000052820000,   0.19200,
,,,0.000052840000,   0.19200,
,,,0.000052860000,   0.18400,
,,,0.000052880000,   0.17600,
,,,0.000052900000,   0.18400,
,,,0.000052920000,   0.18800,
,,,0.000052940000,   0.18400,
,,,0.000052960000,   0.19200,
,,,0.000052980000,   0.19600,
,,,0.000053000000,   0.18800,
,,,0.000053020000,   0.17200,
,,,0.000053040000,   0.18400,
,,,0.000053060000,   0.18800,
,,,0.000053080000,   0.19600,
,,,0.000053100000,   0.19200,
,,,0.000053120000,   0.19200,
,,,0.000053140000,   0.19200,
,,,0.000053160000,   0.18400,
,,,0.000053180000,   0.18000,
,,,0.000053200000,   0.17200,
,,,0.000053220000,   0.18400,
,,,0.000053240000,   0.18800,
,,,0.000053260000,   0.18400,
,,,0.000053280000,   0.18800,
,,,0.000053300000,   0.16800,
,,,0.000053320000,   0.18000,
,,,0.000053340000,   0.16800,
,,,0.000053360000,   0.16400,
,,,0.000053380000,   0.17200,
,,,0.000053400000,   0.16800,
,,,0.000053420000,   0.17600,
,,,0.000053440000,   0.18000,
,,,0.000053460000,   0.18400,
,,,0.000053480000,   0.18000,
,,,0.000053500000,   0.17600,
,,,0.000053520000,   0.16800,
,,,0.000053540000,   0.18000,
,,,0.000053560000,   0.17600,
,,,0.000053580000,   0.17200,
,,,0.000053600000,   0.18000,
,,,0.000053620000,   0.17200,
,,,0.000053640000,   0.17600,
,,,0.000053660000,   0.18800,
,,,0.000053680000,   0.17200,
,,,0.000053700000,   0.18000,
,,,0.000053720000,   0.17200,
,,,0.000053740000,   0.18400,
,,,0.000053760000,   0.16800,
,,,0.000053780000,   0.16400,
,,,0.000053800000,   0.17200,
,,,0.000053820000,   0.17200,
,,,0.000053840000,   0.18000,
,,,0.000053860000,   0.17600,
,,,0.000053880000,   0.17200,
,,,0.000053900000,   0.16800,
,,,0.000053920000,   0.17600,
,,,0.000053940000,   0.17200,
,,,0.000053960000,   0.17600,
,,,0.000053980000,   0.18400,
,,,0.000054000000,   0.17200,
,,,0.000054020000,   0.17200,
,,,0.000054040000,   0.17200,
,,,0.000054060000,   0.16800,
,,,0.000054080000,   0.17200,
,,,0.000054100000,   0.16800,
,,,0.000054120000,   0.17600,
,,,0.000054140000,   0.16800,
,,,0.000054160000,   0.17200,
,,,0.000054180000,   0.16800,
,,,0.000054200000,   0.15600,
,,,0.000054220000,   0.16800,
,,,0.000054240000,   0.16400,
,,,0.000054260000,   0.16800,
,,,0.000054280000,   0.16400,
,,,0.000054300000,   0.15600,
,,,0.000054320000,   0.16000,
,,,0.000054340000,   0.16000,
,,,0.000054360000,   0.17200,
,,,0.000054380000,   0.17200,
,,,0.000054400000,   0.17200,
,,,0.000054420000,   0.16000,
,,,0.000054440000,   0.16000,
,,,0.000054460000,   0.16400,
,,,0.000054480000,   0.15600,
,,,0.000054500000,   0.16000,
,,,0.000054520000,   0.15600,
,,,0.000054540000,   0.16000,
,,,0.000054560000,   0.16800,
,,,0.000054580000,   0.16800,
,,,0.000054600000,   0.17600,
,,,0.000054620000,   0.15200,
,,,0.000054640000,   0.16000,
,,,0.000054660000,   0.15600,
,,,0.000054680000,   0.16400,
,,,0.000054700000,   0.15600,
,,,0.000054720000,   0.15600,
,,,0.000054740000,   0.16000,
,,,0.000054760000,   0.16000,
,,,0.000054780000,   0.15600,
,,,0.000054800000,   0.15200,
,,,0.000054820000,   0.16400,
,,,0.000054840000,   0.16800,
,,,0.000054860000,   0.16000,
,,,0.000054880000,   0.16800,
,,,0.000054900000,   0.14800,
,,,0.000054920000,   0.15600,
,,,0.000054940000,   0.13600,
,,,0.000054960000,   0.15200,
,,,0.000054980000,   0.16000,
,,,0.000055000000,   0.16800,
,,,0.000055020000,   0.16000,
,,,0.000055040000,   0.14800,
,,,0.000055060000,   0.14800,
,,,0.000055080000,   0.16000,
,,,0.000055100000,   0.14800,
,,,0.000055120000,   0.15200,
,,,0.000055140000,   0.14400,
,,,0.000055160000,   0.14400,
,,,0.000055180000,   0.13200,
,,,0.000055200000,   0.14800,
,,,0.000055220000,   0.14800,
,,,0.000055240000,   0.14400,
,,,0.000055260000,   0.15200,
,,,0.000055280000,   0.14800,
,,,0.000055300000,   0.15200,
,,,0.000055320000,   0.15200,
,,,0.000055340000,   0.14800,
,,,0.000055360000,   0.14000,
,,,0.000055380000,   0.14400,
,,,0.000055400000,   0.14000,
,,,0.000055420000,   0.14000,
,,,0.000055440000,   0.14000,
,,,0.000055460000,   0.14800,
,,,0.000055480000,   0.14400,
,,,0.000055500000,   0.14000,
,,,0.000055520000,   0.13200,
,,,0.000055540000,   0.14000,
,,,0.000055560000,   0.13200,
,,,0.000055580000,   0.13600,
,,,0.000055600000,   0.14000,
,,,0.000055620000,   0.13600,
,,,0.000055640000,   0.14000,
,,,0.000055660000,   0.13200,
,,,0.000055680000,   0.13600,
,,,0.000055700000,   0.14400,
,,,0.000055720000,   0.14000,
,,,0.000055740000,   0.12800,
,,,0.000055760000,   0.13200,
,,,0.000055780000,   0.14000,
,,,0.000055800000,   0.14000,
,,,0.000055820000,   0.13600,
,,,0.000055840000,   0.13600,
,,,0.000055860000,   0.12800,
,,,0.000055880000,   0.12800,
,,,0.000055900000,   0.13600,
,,,0.000055920000,   0.13200,
,,,0.000055940000,   0.13600,
,,,0.000055960000,   0.12800,
,,,0.000055980000,   0.13200,
,,,0.000056000000,   0.14000,
,,,0.000056020000,   0.12800,
,,,0.000056040000,   0.12400,
,,,0.000056060000,   0.12800,
,,,0.000056080000,   0.12800,
,,,0.000056100000,   0.13200,
,,,0.000056120000,   0.13200,
,,,0.000056140000,   0.13200,
,,,0.000056160000,   0.12400,
,,,0.000056180000,   0.12800,
,,,0.000056200000,   0.13600,
,,,0.000056220000,   0.12800,
,,,0.000056240000,   0.11600,
,,,0.000056260000,   0.12000,
,,,0.000056280000,   0.12400,
,,,0.000056300000,   0.12400,
,,,0.000056320000,   0.13200,
,,,0.000056340000,   0.11600,
,,,0.000056360000,   0.12800,
,,,0.000056380000,   0.12000,
,,,0.000056400000,   0.11600,
,,,0.000056420000,   0.12000,
,,,0.000056440000,   0.12000,
,,,0.000056460000,   0.11600,
,,,0.000056480000,   0.11200,
,,,0.000056500000,   0.10800,
,,,0.000056520000,   0.11200,
,,,0.000056540000,   0.10400,
,,,0.000056560000,   0.11200,
,,,0.000056580000,   0.11200,
,,,0.000056600000,   0.10800,
,,,0.000056620000,   0.10800,
,,,0.000056640000,   0.10800,
,,,0.000056660000,   0.11600,
,,,0.000056680000,   0.10400,
,,,0.000056700000,   0.10800,
,,,0.000056720000,   0.10800,
,,,0.000056740000,   0.10400,
,,,0.000056760000,   0.10400,
,,,0.000056780000,   0.10400,
,,,0.000056800000,   0.10400,
,,,0.000056820000,   0.10400,
,,,0.000056840000,   0.09600,
,,,0.000056860000,   0.10000,
,,,0.000056880000,   0.07600,
,,,0.000056900000,   0.09600,
,,,0.000056920000,   0.10400,
,,,0.000056940000,   0.10800,
,,,0.000056960000,   0.10000,
,,,0.000056980000,   0.10000,
,,,0.000057000000,   0.09600,
,,,0.000057020000,   0.09200,
,,,0.000057040000,   0.09600,
,,,0.000057060000,   0.10400,
,,,0.000057080000,   0.10000,
,,,0.000057100000,   0.09600,
,,,0.000057120000,   0.10000,
,,,0.000057140000,   0.09600,
,,,0.000057160000,   0.08000,
,,,0.000057180000,   0.08000,
,,,0.000057200000,   0.08800,
,,,0.000057220000,   0.10000,
,,,0.000057240000,   0.10400,
,,,0.000057260000,   0.08800,
,,,0.000057280000,   0.09600,
,,,0.000057300000,   0.09200,
,,,0.000057320000,   0.09200,
,,,0.000057340000,   0.08000,
,,,0.000057360000,   0.07600,
,,,0.000057380000,   0.07600,
,,,0.000057400000,   0.07600,
,,,0.000057420000,   0.08800,
,,,0.000057440000,   0.08400,
,,,0.000057460000,   0.08400,
,,,0.000057480000,   0.08800,
,,,0.000057500000,   0.07200,
,,,0.000057520000,   0.08400,
,,,0.000057540000,   0.08400,
,,,0.000057560000,   0.07600,
,,,0.000057580000,   0.08400,
,,,0.000057600000,   0.08000,
,,,0.000057620000,   0.08400,
,,,0.000057640000,   0.08800,
,,,0.000057660000,   0.07600,
,,,0.000057680000,   0.07200,
,,,0.000057700000,   0.08400,
,,,0.000057720000,   0.08400,
,,,0.000057740000,   0.07600,
,,,0.000057760000,   0.07600,
,,,0.000057780000,   0.06800,
,,,0.000057800000,   0.06800,
,,,0.000057820000,   0.07200,
,,,0.000057840000,   0.07200,
,,,0.000057860000,   0.06800,
,,,0.000057880000,   0.06800,
,,,0.000057900000,   0.06800,
,,,0.000057920000,   0.06400,
,,,0.000057940000,   0.07600,
,,,0.000057960000,   0.06800,
,,,0.000057980000,   0.07200,
,,,0.000058000000,   0.06400,
,,,0.000058020000,   0.06800,
,,,0.000058040000,   0.06400,
,,,0.000058060000,   0.06800,
,,,0.000058080000,   0.04800,
,,,0.000058100000,   0.05600,
,,,0.000058120000,   0.06800,
,,,0.000058140000,   0.06000,
,,,0.000058160000,   0.06400,
,,,0.000058180000,   0.06400,
,,,0.000058200000,   0.05600,
,,,0.000058220000,   0.06000,
,,,0.000058240000,   0.04800,
,,,0.000058260000,   0.04000,
,,,0.000058280000,   0.05200,
,,,0.000058300000,   0.04800,
,,,0.000058320000,   0.05600,
,,,0.000058340000,   0.05200,
,,,0.000058360000,   0.06000,
,,,0.000058380000,   0.05600,
,,,0.000058400000,   0.05200,
,,,0.000058420000,   0.05200,
,,,0.000058440000,   0.05200,
,,,0.000058460000,   0.04000,
,,,0.000058480000,   0.04000,
,,,0.000058500000,   0.04000,
,,,0.000058520000,   0.04800,
,,,0.000058540000,   0.04400,
,,,0.000058560000,   0.05200,
,,,0.000058580000,   0.04800,
,,,0.000058600000,   0.04000,
,,,0.000058620000,   0.04400,
,,,0.000058640000,   0.04400,
,,,0.000058660000,   0.03200,
,,,0.000058680000,   0.05200,
,,,0.000058700000,   0.04400,
,,,0.000058720000,   0.03600,
,,,0.000058740000,   0.03600,
,,,0.000058760000,   0.04000,
,,,0.000058780000,   0.03600,
,,,0.000058800000,   0.03200,
,,,0.000058820000,   0.04000,
,,,0.000058840000,   0.05200,
,,,0.000058860000,   0.04400,
,,,0.000058880000,   0.04000,
,,,0.000058900000,   0.03600,
,,,0.000058920000,   0.03200,
,,,0.000058940000,   0.02800,
,,,0.000058960000,   0.03200,
,,,0.000058980000,   0.04000,
,,,0.000059000000,   0.02800,
,,,0.000059020000,   0.04400,
,,,0.000059040000,   0.02400,
,,,0.000059060000,   0.03200,
,,,0.000059080000,   0.02400,
,,,0.000059100000,   0.02800,
,,,0.000059120000,   0.01200,
,,,0.000059140000,   0.01200,
,,,0.000059160000,   0.02400,
,,,0.000059180000,   0.01600,
,,,0.000059200000,   0.02800,
,,,0.000059220000,   0.02400,
,,,0.000059240000,   0.02000,
,,,0.000059260000,   0.02800,
,,,0.000059280000,   0.02800,
,,,0.000059300000,   0.01600,
,,,0.000059320000,   0.01200,
,,,0.000059340000,   0.01600,
,,,0.000059360000,   0.01200,
,,,0.000059380000,   0.01200,
,,,0.000059400000,   0.01600,
,,,0.000059420000,   0.01600,
,,,0.000059440000,   0.02400,
,,,0.000059460000,   0.02000,
,,,0.000059480000,   0.01600,
,,,0.000059500000,   0.01200,
,,,0.000059520000,   0.00800,
,,,0.000059540000,   0.02000,
,,,0.000059560000,   0.00800,
,,,0.000059580000,   0.01600,
,,,0.000059600000,   0.00800,
,,,0.000059620000,   0.00400,
,,,0.000059640000,   0.00800,
,,,0.000059660000,   0.00800,
,,,0.000059680000,   0.00800,
,,,0.000059700000,   0.00400,
,,,0.000059720000,   0.00400,
,,,0.000059740000,   0.00400,
,,,0.000059760000,   0.00400,
,,,0.000059780000,   0.00800,
,,,0.000059800000,   0.01200,
,,,0.000059820000,  -0.00400,
,,,0.000059840000,   0.00400,
,,,0.000059860000,  -0.02000,
,,,0.000059880000,  -0.00800,
,,,0.000059900000,  -0.00800,
,,,0.000059920000,  -0.00800,
,,,0.000059940000,  -0.01200,
,,,0.000059960000,  -0.00400,
,,,0.000059980000,  -0.00800,
,,,0.000060000000,  -0.01600,
,,,0.000060020000,  -0.01600,
,,,0.000060040000,  -0.00800,
,,,0.000060060000,  -0.00400,
,,,0.000060080000,  -0.01600,
,,,0.000060100000,  -0.01200,
,,,0.000060120000,  -0.01200,
,,,0.000060140000,  -0.01200,
,,,0.000060160000,  -0.00400,
,,,0.000060180000,  -0.01600,
