Record Length,2.500000e+03,,  -0.000136000000,  -3.96800,
Sample Interval,4.000000e-07,,  -0.000135600000,  -3.96800,
Trigger Point,3.400000000000e+02,,  -0.000135200000,  -3.96800,
,,,  -0.000134800000,  -3.96800,
,,,  -0.000134400000,  -3.96800,
,,,  -0.000134000000,  -3.96800,
Source,CH2,,  -0.000133600000,  -3.96800,
Vertical Units,V,,  -0.000133200000,  -3.96800,
Vertical Scale,1.600000e+00,,  -0.000132800000,  -3.96800,
Vertical Offset,-3.840000e-01,,  -0.000132400000,  -3.96800,
Horizontal Units,s,,  -0.000132000000,  -3.96800,
Horizontal Scale,1.000000e-04,,  -0.000131600000,  -3.96800,
Pt Fmt,Y,,  -0.000131200000,  -3.96800,
Yzero,0.000000e+00,,  -0.000130800000,  -3.96800,
Probe Atten,1.000000e+01,,  -0.000130400000,  -3.96800,
Model Number,TDS1001C-EDU,,  -0.000130000000,  -3.96800,
Serial Number,C013086,,  -0.000129600000,  -3.96800,
Firmware Version,FV:v25.07,,  -0.000129200000,  -3.96800,
,,,-00.000128800000,  -3.96800,
,,,-00.000128400000,  -3.96800,
,,,-00.000128000000,  -3.96800,
,,,-00.000127600000,  -3.96800,
,,,-00.000127200000,  -3.96800,
,,,-00.000126800000,  -3.96800,
,,,-00.000126400000,  -3.96800,
,,,-00.000126000000,  -3.96800,
,,,-00.000125600000,  -3.96800,
,,,-00.000125200000,  -3.96800,
,,,-00.000124800000,  -3.96800,
,,,-00.000124400000,  -3.96800,
,,,-00.000124000000,  -3.96800,
,,,-00.000123600000,  -3.96800,
,,,-00.000123200000,  -3.96800,
,,,-00.000122800000,  -3.96800,
,,,-00.000122400000,  -3.96800,
,,,-00.000122000000,  -3.96800,
,,,-00.000121600000,  -3.96800,
,,,-00.000121200000,  -3.96800,
,,,-00.000120800000,  -3.96800,
,,,-00.000120400000,  -3.96800,
,,,-00.000120000000,  -3.96800,
,,,-00.000119600000,  -3.96800,
,,,-00.000119200000,  -3.96800,
,,,-00.000118800000,  -3.96800,
,,,-00.000118400000,  -3.96800,
,,,-00.000118000000,  -3.96800,
,,,-00.000117600000,  -3.96800,
,,,-00.000117200000,  -3.96800,
,,,-00.000116800000,  -3.96800,
,,,-00.000116400000,  -3.96800,
,,,-00.000116000000,  -3.96800,
,,,-00.000115600000,  -3.96800,
,,,-00.000115200000,  -3.96800,
,,,-00.000114800000,  -3.96800,
,,,-00.000114400000,  -3.96800,
,,,-00.000114000000,  -3.96800,
,,,-00.000113600000,  -3.96800,
,,,-00.000113200000,  -3.96800,
,,,-00.000112800000,  -3.96800,
,,,-00.000112400000,  -3.96800,
,,,-00.000112000000,  -3.96800,
,,,-00.000111600000,  -3.96800,
,,,-00.000111200000,  -3.96800,
,,,-00.000110800000,  -3.96800,
,,,-00.000110400000,  -3.96800,
,,,-00.000110000000,  -3.96800,
,,,-00.000109600000,  -3.96800,
,,,-00.000109200000,  -3.96800,
,,,-00.000108800000,  -3.96800,
,,,-00.000108400000,  -3.96800,
,,,-00.000108000000,  -3.96800,
,,,-00.000107600000,  -3.96800,
,,,-00.000107200000,  -3.96800,
,,,-00.000106800000,  -3.96800,
,,,-00.000106400000,  -3.96800,
,,,-00.000106000000,  -3.96800,
,,,-00.000105600000,  -3.96800,
,,,-00.000105200000,  -3.96800,
,,,-00.000104800000,  -3.96800,
,,,-00.000104400000,  -3.96800,
,,,-00.000104000000,  -3.96800,
,,,-00.000103600000,  -3.96800,
,,,-00.000103200000,  -3.96800,
,,,-00.000102800000,  -3.96800,
,,,-00.000102400000,  -3.96800,
,,,-00.000102000000,  -3.96800,
,,,-00.000101600000,  -3.96800,
,,,-00.000101200000,  -3.96800,
,,,-00.000100800000,  -3.96800,
,,,-00.000100400000,  -3.96800,
,,,-00.000100000000,  -3.96800,
,,,-00.000099600000,  -3.96800,
,,,-00.000099200000,  -3.96800,
,,,-00.000098800000,  -3.96800,
,,,-00.000098400000,  -3.96800,
,,,-00.000098000000,  -3.96800,
,,,-00.000097600000,  -3.96800,
,,,-00.000097200000,  -3.96800,
,,,-00.000096800000,  -3.96800,
,,,-00.000096400000,  -3.96800,
,,,-00.000096000000,  -3.96800,
,,,-00.000095600000,  -3.96800,
,,,-00.000095200000,  -3.96800,
,,,-00.000094800000,  -3.96800,
,,,-00.000094400000,  -3.96800,
,,,-00.000094000000,  -3.96800,
,,,-00.000093600000,  -3.96800,
,,,-00.000093200000,  -3.96800,
,,,-00.000092800000,  -3.96800,
,,,-00.000092400000,  -3.96800,
,,,-00.000092000000,  -3.96800,
,,,-00.000091600000,  -3.96800,
,,,-00.000091200000,  -3.96800,
,,,-00.000090800000,  -3.96800,
,,,-00.000090400000,  -3.96800,
,,,-00.000090000000,  -3.96800,
,,,-00.000089600000,  -3.96800,
,,,-00.000089200000,  -3.96800,
,,,-00.000088800000,  -3.96800,
,,,-00.000088400000,  -3.96800,
,,,-00.000088000000,  -3.96800,
,,,-00.000087600000,  -3.96800,
,,,-00.000087200000,  -3.96800,
,,,-00.000086800000,  -3.96800,
,,,-00.000086400000,  -3.96800,
,,,-00.000086000000,  -3.96800,
,,,-00.000085600000,  -3.96800,
,,,-00.000085200000,  -3.96800,
,,,-00.000084800000,  -3.96800,
,,,-00.000084400000,  -3.96800,
,,,-00.000084000000,  -3.96800,
,,,-00.000083600000,  -3.96800,
,,,-00.000083200000,  -3.96800,
,,,-00.000082800000,  -3.96800,
,,,-00.000082400000,  -3.96800,
,,,-00.000082000000,  -3.96800,
,,,-00.000081600000,  -3.96800,
,,,-00.000081200000,  -3.96800,
,,,-00.000080800000,  -3.96800,
,,,-00.000080400000,  -3.96800,
,,,-00.000080000000,  -3.96800,
,,,-00.000079600000,  -3.96800,
,,,-00.000079200000,  -3.96800,
,,,-00.000078800000,  -3.96800,
,,,-00.000078400000,  -3.96800,
,,,-00.000078000000,  -3.96800,
,,,-00.000077600000,  -3.96800,
,,,-00.000077200000,  -3.96800,
,,,-00.000076800000,  -3.96800,
,,,-00.000076400000,  -3.96800,
,,,-00.000076000000,  -3.96800,
,,,-00.000075600000,  -3.96800,
,,,-00.000075200000,  -3.96800,
,,,-00.000074800000,  -3.96800,
,,,-00.000074400000,  -3.96800,
,,,-00.000074000000,  -3.96800,
,,,-00.000073600000,  -3.96800,
,,,-00.000073200000,  -3.96800,
,,,-00.000072800000,  -3.96800,
,,,-00.000072400000,  -3.96800,
,,,-00.000072000000,  -3.96800,
,,,-00.000071600000,  -3.96800,
,,,-00.000071200000,  -3.96800,
,,,-00.000070800000,  -3.96800,
,,,-00.000070400000,  -3.96800,
,,,-00.000070000000,  -3.96800,
,,,-00.000069600000,  -3.96800,
,,,-00.000069200000,  -3.96800,
,,,-00.000068800000,  -3.96800,
,,,-00.000068400000,  -3.96800,
,,,-00.000068000000,  -3.96800,
,,,-00.000067600000,  -3.96800,
,,,-00.000067200000,  -3.96800,
,,,-00.000066800000,  -3.96800,
,,,-00.000066400000,  -3.96800,
,,,-00.000066000000,  -3.96800,
,,,-00.000065600000,  -3.96800,
,,,-00.000065200000,  -3.96800,
,,,-00.000064800000,  -3.96800,
,,,-00.000064400000,  -3.96800,
,,,-00.000064000000,  -3.96800,
,,,-00.000063600000,  -3.96800,
,,,-00.000063200000,  -3.96800,
,,,-00.000062800000,  -3.96800,
,,,-00.000062400000,  -3.96800,
,,,-00.000062000000,  -3.96800,
,,,-00.000061600000,  -3.96800,
,,,-00.000061200000,  -3.96800,
,,,-00.000060800000,  -3.96800,
,,,-00.000060400000,  -3.96800,
,,,-00.000060000000,  -3.96800,
,,,-00.000059600000,  -3.96800,
,,,-00.000059200000,  -3.96800,
,,,-00.000058800000,  -3.96800,
,,,-00.000058400000,  -3.96800,
,,,-00.000058000000,  -3.96800,
,,,-00.000057600000,  -3.96800,
,,,-00.000057200000,  -3.96800,
,,,-00.000056800000,  -3.96800,
,,,-00.000056400000,  -3.96800,
,,,-00.000056000000,  -3.96800,
,,,-00.000055600000,  -3.96800,
,,,-00.000055200000,  -3.96800,
,,,-00.000054800000,  -3.96800,
,,,-00.000054400000,  -3.96800,
,,,-00.000054000000,  -3.96800,
,,,-00.000053600000,  -3.96800,
,,,-00.000053200000,  -3.96800,
,,,-00.000052800000,  -3.96800,
,,,-00.000052400000,  -3.96800,
,,,-00.000052000000,  -3.96800,
,,,-00.000051600000,  -3.96800,
,,,-00.000051200000,  -3.96800,
,,,-00.000050800000,  -3.96800,
,,,-00.000050400000,  -3.96800,
,,,-00.000050000000,  -3.96800,
,,,-00.000049600000,  -3.96800,
,,,-00.000049200000,  -3.96800,
,,,-00.000048800000,  -3.96800,
,,,-00.000048400000,  -3.96800,
,,,-00.000048000000,  -3.96800,
,,,-00.000047600000,  -3.96800,
,,,-00.000047200000,  -3.96800,
,,,-00.000046800000,  -3.96800,
,,,-00.000046400000,  -3.96800,
,,,-00.000046000000,  -3.96800,
,,,-00.000045600000,  -3.96800,
,,,-00.000045200000,  -3.96800,
,,,-00.000044800000,  -3.96800,
,,,-00.000044400000,  -3.96800,
,,,-00.000044000000,  -3.96800,
,,,-00.000043600000,  -3.96800,
,,,-00.000043200000,  -3.96800,
,,,-00.000042800000,  -3.96800,
,,,-00.000042400000,  -3.96800,
,,,-00.000042000000,  -3.96800,
,,,-00.000041600000,  -3.96800,
,,,-00.000041200000,  -3.96800,
,,,-00.000040800000,  -3.96800,
,,,-00.000040400000,  -3.96800,
,,,-00.000040000000,  -3.96800,
,,,-00.000039600000,  -3.96800,
,,,-00.000039200000,  -3.96800,
,,,-00.000038800000,  -3.96800,
,,,-00.000038400000,  -3.96800,
,,,-00.000038000000,  -3.96800,
,,,-00.000037600000,  -3.96800,
,,,-00.000037200000,  -3.96800,
,,,-00.000036800000,  -3.96800,
,,,-00.000036400000,  -3.96800,
,,,-00.000036000000,  -3.96800,
,,,-00.000035600000,  -3.96800,
,,,-00.000035200000,  -3.96800,
,,,-00.000034800000,  -3.96800,
,,,-00.000034400000,  -3.96800,
,,,-00.000034000000,  -3.96800,
,,,-00.000033600000,  -3.96800,
,,,-00.000033200000,  -3.96800,
,,,-00.000032800000,  -3.96800,
,,,-00.000032400000,  -3.96800,
,,,-00.000032000000,  -3.96800,
,,,-00.000031600000,  -3.96800,
,,,-00.000031200000,  -3.96800,
,,,-00.000030800000,  -3.96800,
,,,-00.000030400000,  -3.96800,
,,,-00.000030000000,  -3.96800,
,,,-00.000029600000,  -3.96800,
,,,-00.000029200000,  -3.96800,
,,,-00.000028800000,  -3.96800,
,,,-00.000028400000,  -3.96800,
,,,-00.000028000000,  -3.96800,
,,,-00.000027600000,  -3.96800,
,,,-00.000027200000,  -3.96800,
,,,-00.000026800000,  -3.96800,
,,,-00.000026400000,  -3.96800,
,,,-00.000026000000,  -3.96800,
,,,-00.000025600000,  -3.96800,
,,,-00.000025200000,  -3.96800,
,,,-00.000024800000,  -3.96800,
,,,-00.000024400000,  -3.96800,
,,,-00.000024000000,  -3.96800,
,,,-00.000023600000,  -3.96800,
,,,-00.000023200000,  -3.96800,
,,,-00.000022800000,  -3.96800,
,,,-00.000022400000,  -3.96800,
,,,-00.000022000000,  -3.96800,
,,,-00.000021600000,  -3.96800,
,,,-00.000021200000,  -3.96800,
,,,-00.000020800000,  -3.96800,
,,,-00.000020400000,  -3.96800,
,,,-00.000020000000,  -3.96800,
,,,-00.000019600000,  -3.96800,
,,,-00.000019200000,  -3.96800,
,,,-00.000018800000,  -3.96800,
,,,-00.000018400000,  -3.96800,
,,,-00.000018000000,  -3.96800,
,,,-00.000017600000,  -3.96800,
,,,-00.000017200000,  -3.96800,
,,,-00.000016800000,  -3.96800,
,,,-00.000016400000,  -3.96800,
,,,-00.000016000000,  -3.96800,
,,,-00.000015600000,  -3.96800,
,,,-00.000015200000,  -3.96800,
,,,-00.000014800000,  -3.96800,
,,,-00.000014400000,  -3.96800,
,,,-00.000014000000,  -3.96800,
,,,-00.000013600000,  -3.96800,
,,,-00.000013200000,  -3.96800,
,,,-00.000012800000,  -3.96800,
,,,-00.000012400000,  -3.96800,
,,,-00.000012000000,  -3.96800,
,,,-00.000011600000,  -3.96800,
,,,-00.000011200000,  -3.96800,
,,,-00.000010800000,  -3.96800,
,,,-00.000010400000,  -3.96800,
,,,-00.000010000000,  -3.96800,
,,,-00.000009600000,  -3.96800,
,,,-00.000009200000,  -3.96800,
,,,-00.000008800000,  -3.96800,
,,,-00.000008400000,  -3.96800,
,,,-00.000008000000,  -3.96800,
,,,-00.000007600000,  -3.96800,
,,,-00.000007200000,  -3.96800,
,,,-00.000006800000,  -3.96800,
,,,-00.000006400000,  -3.96800,
,,,-00.000006000000,  -3.96800,
,,,-00.000005600000,  -3.96800,
,,,-00.000005200000,  -3.96800,
,,,-00.000004800000,  -3.96800,
,,,-00.000004400000,  -3.96800,
,,,-00.000004000000,  -3.96800,
,,,-00.000003600000,  -3.96800,
,,,-00.000003200000,  -3.96800,
,,,-00.000002800000,  -3.96800,
,,,-00.000002400000,  -3.96800,
,,,-00.000002000000,  -3.96800,
,,,-00.000001600000,  -3.96800,
,,,-00.000001200000,  -3.96800,
,,,-00.000000800000,  -3.96800,
,,,-00.000000400000,  -3.96800,
,,,-00.000000000000,  -3.96800,
,,,00.000000400000,  -3.96800,
,,,00.000000800000,  -3.96800,
,,,00.000001200000,  -3.96800,
,,,00.000001600000,  -3.96800,
,,,00.000002000000,  -3.96800,
,,,00.000002400000,  -3.96800,
,,,00.000002800000,  -3.96800,
,,,00.000003200000,  -3.90400,
,,,00.000003600000,  -3.84000,
,,,00.000004000000,  -3.77600,
,,,00.000004400000,  -3.71200,
,,,00.000004800000,  -3.71200,
,,,00.000005200000,  -3.64800,
,,,00.000005600000,  -3.58400,
,,,00.000006000000,  -3.58400,
,,,00.000006400000,  -3.52000,
,,,00.000006800000,  -3.45600,
,,,00.000007200000,  -3.45600,
,,,00.000007600000,  -3.39200,
,,,00.000008000000,  -3.39200,
,,,00.000008400000,  -3.32800,
,,,00.000008800000,  -3.32800,
,,,00.000009200000,  -3.26400,
,,,00.000009600000,  -3.26400,
,,,00.000010000000,  -3.20000,
,,,00.000010400000,  -3.20000,
,,,00.000010800000,  -3.20000,
,,,00.000011200000,  -3.13600,
,,,00.000011600000,  -3.13600,
,,,00.000012000000,  -3.07200,
,,,00.000012400000,  -3.07200,
,,,00.000012800000,  -3.07200,
,,,00.000013200000,  -3.00800,
,,,00.000013600000,  -3.00800,
,,,00.000014000000,  -3.00800,
,,,00.000014400000,  -2.94400,
,,,00.000014800000,  -2.94400,
,,,00.000015200000,  -2.94400,
,,,00.000015600000,  -2.88000,
,,,00.000016000000,  -2.88000,
,,,00.000016400000,  -2.88000,
,,,00.000016800000,  -2.81600,
,,,00.000017200000,  -2.81600,
,,,00.000017600000,  -2.81600,
,,,00.000018000000,  -2.81600,
,,,00.000018400000,  -2.75200,
,,,00.000018800000,  -2.75200,
,,,00.000019200000,  -2.75200,
,,,00.000019600000,  -2.68800,
,,,00.000020000000,  -2.68800,
,,,00.000020400000,  -2.68800,
,,,00.000020800000,  -2.68800,
,,,00.000021200000,  -2.68800,
,,,00.000021600000,  -2.62400,
,,,00.000022000000,  -2.62400,
,,,00.000022400000,  -2.62400,
,,,00.000022800000,  -2.62400,
,,,00.000023200000,  -2.56000,
,,,00.000023600000,  -2.56000,
,,,00.000024000000,  -2.56000,
,,,00.000024400000,  -2.56000,
,,,00.000024800000,  -2.56000,
,,,00.000025200000,  -2.49600,
,,,00.000025600000,  -2.49600,
,,,00.000026000000,  -2.49600,
,,,00.000026400000,  -2.49600,
,,,00.000026800000,  -2.49600,
,,,00.000027200000,  -2.43200,
,,,00.000027600000,  -2.43200,
,,,00.000028000000,  -2.43200,
,,,00.000028400000,  -2.43200,
,,,00.000028800000,  -2.43200,
,,,00.000029200000,  -2.36800,
,,,00.000029600000,  -2.36800,
,,,00.000030000000,  -2.36800,
,,,00.000030400000,  -2.36800,
,,,00.000030800000,  -2.36800,
,,,00.000031200000,  -2.30400,
,,,00.000031600000,  -2.30400,
,,,00.000032000000,  -2.30400,
,,,00.000032400000,  -2.30400,
,,,00.000032800000,  -2.30400,
,,,00.000033200000,  -2.30400,
,,,00.000033600000,  -2.24000,
,,,00.000034000000,  -2.24000,
,,,00.000034400000,  -2.24000,
,,,00.000034800000,  -2.24000,
,,,00.000035200000,  -2.24000,
,,,00.000035600000,  -2.24000,
,,,00.000036000000,  -2.17600,
,,,00.000036400000,  -2.17600,
,,,00.000036800000,  -2.17600,
,,,00.000037200000,  -2.17600,
,,,00.000037600000,  -2.17600,
,,,00.000038000000,  -2.17600,
,,,00.000038400000,  -2.11200,
,,,00.000038800000,  -2.11200,
,,,00.000039200000,  -2.11200,
,,,00.000039600000,  -2.11200,
,,,00.000040000000,  -2.11200,
,,,00.000040400000,  -2.11200,
,,,00.000040800000,  -2.11200,
,,,00.000041200000,  -2.04800,
,,,00.000041600000,  -2.04800,
,,,00.000042000000,  -2.04800,
,,,00.000042400000,  -2.04800,
,,,00.000042800000,  -2.04800,
,,,00.000043200000,  -2.04800,
,,,00.000043600000,  -2.04800,
,,,00.000044000000,  -1.98400,
,,,00.000044400000,  -1.98400,
,,,00.000044800000,  -1.98400,
,,,00.000045200000,  -1.98400,
,,,00.000045600000,  -1.98400,
,,,00.000046000000,  -1.98400,
,,,00.000046400000,  -1.98400,
,,,00.000046800000,  -1.98400,
,,,00.000047200000,  -1.92000,
,,,00.000047600000,  -1.92000,
,,,00.000048000000,  -1.92000,
,,,00.000048400000,  -1.92000,
,,,00.000048800000,  -1.92000,
,,,00.000049200000,  -1.92000,
,,,00.000049600000,  -1.92000,
,,,00.000050000000,  -1.85600,
,,,00.000050400000,  -1.85600,
,,,00.000050800000,  -1.85600,
,,,00.000051200000,  -1.85600,
,,,00.000051600000,  -1.85600,
,,,00.000052000000,  -1.85600,
,,,00.000052400000,  -1.85600,
,,,00.000052800000,  -1.85600,
,,,00.000053200000,  -1.79200,
,,,00.000053600000,  -1.79200,
,,,00.000054000000,  -1.79200,
,,,00.000054400000,  -1.79200,
,,,00.000054800000,  -1.79200,
,,,00.000055200000,  -1.79200,
,,,00.000055600000,  -1.79200,
,,,00.000056000000,  -1.79200,
,,,00.000056400000,  -1.72800,
,,,00.000056800000,  -1.72800,
,,,00.000057200000,  -1.72800,
,,,00.000057600000,  -1.72800,
,,,00.000058000000,  -1.72800,
,,,00.000058400000,  -1.72800,
,,,00.000058800000,  -1.72800,
,,,00.000059200000,  -1.72800,
,,,00.000059600000,  -1.72800,
,,,00.000060000000,  -1.66400,
,,,00.000060400000,  -1.66400,
,,,00.000060800000,  -1.66400,
,,,00.000061200000,  -1.66400,
,,,00.000061600000,  -1.66400,
,,,00.000062000000,  -1.66400,
,,,00.000062400000,  -1.66400,
,,,00.000062800000,  -1.66400,
,,,00.000063200000,  -1.60000,
,,,00.000063600000,  -1.60000,
,,,00.000064000000,  -1.60000,
,,,00.000064400000,  -1.60000,
,,,00.000064800000,  -1.60000,
,,,00.000065200000,  -1.60000,
,,,00.000065600000,  -1.60000,
,,,00.000066000000,  -1.60000,
,,,00.000066400000,  -1.60000,
,,,00.000066800000,  -1.53600,
,,,00.000067200000,  -1.53600,
,,,00.000067600000,  -1.53600,
,,,00.000068000000,  -1.53600,
,,,00.000068400000,  -1.53600,
,,,00.000068800000,  -1.53600,
,,,00.000069200000,  -1.53600,
,,,00.000069600000,  -1.53600,
,,,00.000070000000,  -1.53600,
,,,00.000070400000,  -1.47200,
,,,00.000070800000,  -1.47200,
,,,00.000071200000,  -1.47200,
,,,00.000071600000,  -1.47200,
,,,00.000072000000,  -1.47200,
,,,00.000072400000,  -1.47200,
,,,00.000072800000,  -1.47200,
,,,00.000073200000,  -1.47200,
,,,00.000073600000,  -1.47200,
,,,00.000074000000,  -1.47200,
,,,00.000074400000,  -1.47200,
,,,00.000074800000,  -1.40800,
,,,00.000075200000,  -1.40800,
,,,00.000075600000,  -1.40800,
,,,00.000076000000,  -1.40800,
,,,00.000076400000,  -1.40800,
,,,00.000076800000,  -1.40800,
,,,00.000077200000,  -1.40800,
,,,00.000077600000,  -1.34400,
,,,00.000078000000,  -1.40800,
,,,00.000078400000,  -1.34400,
,,,00.000078800000,  -1.34400,
,,,00.000079200000,  -1.34400,
,,,00.000079600000,  -1.34400,
,,,00.000080000000,  -1.34400,
,,,00.000080400000,  -1.34400,
,,,00.000080800000,  -1.34400,
,,,00.000081200000,  -1.34400,
,,,00.000081600000,  -1.34400,
,,,00.000082000000,  -1.34400,
,,,00.000082400000,  -1.28000,
,,,00.000082800000,  -1.28000,
,,,00.000083200000,  -1.28000,
,,,00.000083600000,  -1.28000,
,,,00.000084000000,  -1.28000,
,,,00.000084400000,  -1.28000,
,,,00.000084800000,  -1.28000,
,,,00.000085200000,  -1.28000,
,,,00.000085600000,  -1.28000,
,,,00.000086000000,  -1.28000,
,,,00.000086400000,  -1.21600,
,,,00.000086800000,  -1.21600,
,,,00.000087200000,  -1.21600,
,,,00.000087600000,  -1.21600,
,,,00.000088000000,  -1.21600,
,,,00.000088400000,  -1.21600,
,,,00.000088800000,  -1.21600,
,,,00.000089200000,  -1.21600,
,,,00.000089600000,  -1.21600,
,,,00.000090000000,  -1.21600,
,,,00.000090400000,  -1.21600,
,,,00.000090800000,  -1.15200,
,,,00.000091200000,  -1.15200,
,,,00.000091600000,  -1.15200,
,,,00.000092000000,  -1.15200,
,,,00.000092400000,  -1.15200,
,,,00.000092800000,  -1.15200,
,,,00.000093200000,  -1.15200,
,,,00.000093600000,  -1.15200,
,,,00.000094000000,  -1.15200,
,,,00.000094400000,  -1.15200,
,,,00.000094800000,  -1.15200,
,,,00.000095200000,  -1.08800,
,,,00.000095600000,  -1.08800,
,,,00.000096000000,  -1.08800,
,,,00.000096400000,  -1.08800,
,,,00.000096800000,  -1.08800,
,,,00.000097200000,  -1.08800,
,,,00.000097600000,  -1.08800,
,,,00.000098000000,  -1.08800,
,,,00.000098400000,  -1.08800,
,,,00.000098800000,  -1.08800,
,,,00.000099200000,  -1.02400,
,,,00.000099600000,  -1.02400,
,,,00.000100000000,  -1.02400,
,,,00.000100400000,  -1.02400,
,,,00.000100800000,  -1.02400,
,,,00.000101200000,  -1.02400,
,,,00.000101600000,  -1.02400,
,,,00.000102000000,  -1.02400,
,,,00.000102400000,  -1.02400,
,,,00.000102800000,  -1.02400,
,,,00.000103200000,  -1.02400,
,,,00.000103600000,  -1.02400,
,,,00.000104000000,  -0.96000,
,,,00.000104400000,  -0.96000,
,,,00.000104800000,  -0.96000,
,,,00.000105200000,  -0.96000,
,,,00.000105600000,  -0.96000,
,,,00.000106000000,  -0.96000,
,,,00.000106400000,  -0.96000,
,,,00.000106800000,  -0.96000,
,,,00.000107200000,  -0.96000,
,,,00.000107600000,  -0.96000,
,,,00.000108000000,  -0.96000,
,,,00.000108400000,  -0.89600,
,,,00.000108800000,  -0.89600,
,,,00.000109200000,  -0.89600,
,,,00.000109600000,  -0.89600,
,,,00.000110000000,  -0.89600,
,,,00.000110400000,  -0.89600,
,,,00.000110800000,  -0.89600,
,,,00.000111200000,  -0.89600,
,,,00.000111600000,  -0.89600,
,,,00.000112000000,  -0.89600,
,,,00.000112400000,  -0.83200,
,,,00.000112800000,  -0.83200,
,,,00.000113200000,  -0.83200,
,,,00.000113600000,  -0.83200,
,,,00.000114000000,  -0.83200,
,,,00.000114400000,  -0.83200,
,,,00.000114800000,  -0.83200,
,,,00.000115200000,  -0.83200,
,,,00.000115600000,  -0.83200,
,,,00.000116000000,  -0.83200,
,,,00.000116400000,  -0.83200,
,,,00.000116800000,  -0.83200,
,,,00.000117200000,  -0.83200,
,,,00.000117600000,  -0.76800,
,,,00.000118000000,  -0.76800,
,,,00.000118400000,  -0.76800,
,,,00.000118800000,  -0.76800,
,,,00.000119200000,  -0.76800,
,,,00.000119600000,  -0.76800,
,,,00.000120000000,  -0.76800,
,,,00.000120400000,  -0.76800,
,,,00.000120800000,  -0.76800,
,,,00.000121200000,  -0.76800,
,,,00.000121600000,  -0.76800,
,,,00.000122000000,  -0.76800,
,,,00.000122400000,  -0.70400,
,,,00.000122800000,  -0.70400,
,,,00.000123200000,  -0.70400,
,,,00.000123600000,  -0.70400,
,,,00.000124000000,  -0.70400,
,,,00.000124400000,  -0.70400,
,,,00.000124800000,  -0.70400,
,,,00.000125200000,  -0.70400,
,,,00.000125600000,  -0.70400,
,,,00.000126000000,  -0.70400,
,,,00.000126400000,  -0.70400,
,,,00.000126800000,  -0.64000,
,,,00.000127200000,  -0.70400,
,,,00.000127600000,  -0.64000,
,,,00.000128000000,  -0.64000,
,,,00.000128400000,  -0.64000,
,,,00.000128800000,  -0.64000,
,,,00.000129200000,  -0.64000,
,,,00.000129600000,  -0.64000,
,,,00.000130000000,  -0.64000,
,,,00.000130400000,  -0.64000,
,,,00.000130800000,  -0.64000,
,,,00.000131200000,  -0.64000,
,,,00.000131600000,  -0.64000,
,,,00.000132000000,  -0.57600,
,,,00.000132400000,  -0.57600,
,,,00.000132800000,  -0.57600,
,,,00.000133200000,  -0.57600,
,,,00.000133600000,  -0.57600,
,,,00.000134000000,  -0.57600,
,,,00.000134400000,  -0.57600,
,,,00.000134800000,  -0.57600,
,,,00.000135200000,  -0.57600,
,,,00.000135600000,  -0.57600,
,,,00.000136000000,  -0.57600,
,,,00.000136400000,  -0.57600,
,,,00.000136800000,  -0.57600,
,,,00.000137200000,  -0.57600,
,,,00.000137600000,  -0.51200,
,,,00.000138000000,  -0.51200,
,,,00.000138400000,  -0.51200,
,,,00.000138800000,  -0.51200,
,,,00.000139200000,  -0.51200,
,,,00.000139600000,  -0.51200,
,,,00.000140000000,  -0.51200,
,,,00.000140400000,  -0.51200,
,,,00.000140800000,  -0.51200,
,,,00.000141200000,  -0.51200,
,,,00.000141600000,  -0.51200,
,,,00.000142000000,  -0.51200,
,,,00.000142400000,  -0.44800,
,,,00.000142800000,  -0.44800,
,,,00.000143200000,  -0.44800,
,,,00.000143600000,  -0.44800,
,,,00.000144000000,  -0.44800,
,,,00.000144400000,  -0.44800,
,,,00.000144800000,  -0.44800,
,,,00.000145200000,  -0.44800,
,,,00.000145600000,  -0.44800,
,,,00.000146000000,  -0.44800,
,,,00.000146400000,  -0.44800,
,,,00.000146800000,  -0.44800,
,,,00.000147200000,  -0.44800,
,,,00.000147600000,  -0.38400,
,,,00.000148000000,  -0.38400,
,,,00.000148400000,  -0.38400,
,,,00.000148800000,  -0.38400,
,,,00.000149200000,  -0.38400,
,,,00.000149600000,  -0.38400,
,,,00.000150000000,  -0.38400,
,,,00.000150400000,  -0.38400,
,,,00.000150800000,  -0.38400,
,,,00.000151200000,  -0.38400,
,,,00.000151600000,  -0.38400,
,,,00.000152000000,  -0.38400,
,,,00.000152400000,  -0.38400,
,,,00.000152800000,  -0.32000,
,,,00.000153200000,  -0.32000,
,,,00.000153600000,  -0.32000,
,,,00.000154000000,  -0.32000,
,,,00.000154400000,  -0.32000,
,,,00.000154800000,  -0.32000,
,,,00.000155200000,  -0.32000,
,,,00.000155600000,  -0.32000,
,,,00.000156000000,  -0.32000,
,,,00.000156400000,  -0.32000,
,,,00.000156800000,  -0.32000,
,,,00.000157200000,  -0.32000,
,,,00.000157600000,  -0.32000,
,,,00.000158000000,  -0.25600,
,,,00.000158400000,  -0.25600,
,,,00.000158800000,  -0.25600,
,,,00.000159200000,  -0.25600,
,,,00.000159600000,  -0.25600,
,,,00.000160000000,  -0.25600,
,,,00.000160400000,  -0.25600,
,,,00.000160800000,  -0.25600,
,,,00.000161200000,  -0.25600,
,,,00.000161600000,  -0.25600,
,,,00.000162000000,  -0.25600,
,,,00.000162400000,  -0.25600,
,,,00.000162800000,  -0.25600,
,,,00.000163200000,  -0.25600,
,,,00.000163600000,  -0.19200,
,,,00.000164000000,  -0.19200,
,,,00.000164400000,  -0.19200,
,,,00.000164800000,  -0.19200,
,,,00.000165200000,  -0.19200,
,,,00.000165600000,  -0.19200,
,,,00.000166000000,  -0.19200,
,,,00.000166400000,  -0.19200,
,,,00.000166800000,  -0.19200,
,,,00.000167200000,  -0.19200,
,,,00.000167600000,  -0.19200,
,,,00.000168000000,  -0.19200,
,,,00.000168400000,  -0.19200,
,,,00.000168800000,  -0.19200,
,,,00.000169200000,  -0.19200,
,,,00.000169600000,  -0.12800,
,,,00.000170000000,  -0.12800,
,,,00.000170400000,  -0.12800,
,,,00.000170800000,  -0.12800,
,,,00.000171200000,  -0.12800,
,,,00.000171600000,  -0.12800,
,,,00.000172000000,  -0.12800,
,,,00.000172400000,  -0.12800,
,,,00.000172800000,  -0.12800,
,,,00.000173200000,  -0.12800,
,,,00.000173600000,  -0.12800,
,,,00.000174000000,  -0.12800,
,,,00.000174400000,  -0.12800,
,,,00.000174800000,  -0.12800,
,,,00.000175200000,  -0.06400,
,,,00.000175600000,  -0.06400,
,,,00.000176000000,  -0.06400,
,,,00.000176400000,  -0.06400,
,,,00.000176800000,  -0.06400,
,,,00.000177200000,  -0.06400,
,,,00.000177600000,  -0.06400,
,,,00.000178000000,  -0.06400,
,,,00.000178400000,  -0.06400,
,,,00.000178800000,  -0.06400,
,,,00.000179200000,  -0.06400,
,,,00.000179600000,  -0.06400,
,,,00.000180000000,  -0.06400,
,,,00.000180400000,  -0.06400,
,,,00.000180800000,   0.00000,
,,,00.000181200000,   0.00000,
,,,00.000181600000,   0.00000,
,,,00.000182000000,   0.00000,
,,,00.000182400000,   0.00000,
,,,00.000182800000,   0.00000,
,,,00.000183200000,   0.00000,
,,,00.000183600000,   0.00000,
,,,00.000184000000,   0.00000,
,,,00.000184400000,   0.00000,
,,,00.000184800000,   0.00000,
,,,00.000185200000,   0.00000,
,,,00.000185600000,   0.00000,
,,,00.000186000000,   0.00000,
,,,00.000186400000,   0.06400,
,,,00.000186800000,   0.06400,
,,,00.000187200000,   0.06400,
,,,00.000187600000,   0.06400,
,,,00.000188000000,   0.06400,
,,,00.000188400000,   0.06400,
,,,00.000188800000,   0.06400,
,,,00.000189200000,   0.06400,
,,,00.000189600000,   0.06400,
,,,00.000190000000,   0.06400,
,,,00.000190400000,   0.06400,
,,,00.000190800000,   0.06400,
,,,00.000191200000,   0.06400,
,,,00.000191600000,   0.06400,
,,,00.000192000000,   0.12800,
,,,00.000192400000,   0.12800,
,,,00.000192800000,   0.12800,
,,,00.000193200000,   0.12800,
,,,00.000193600000,   0.12800,
,,,00.000194000000,   0.12800,
,,,00.000194400000,   0.12800,
,,,00.000194800000,   0.12800,
,,,00.000195200000,   0.12800,
,,,00.000195600000,   0.12800,
,,,00.000196000000,   0.12800,
,,,00.000196400000,   0.12800,
,,,00.000196800000,   0.12800,
,,,00.000197200000,   0.12800,
,,,00.000197600000,   0.12800,
,,,00.000198000000,   0.19200,
,,,00.000198400000,   0.19200,
,,,00.000198800000,   0.19200,
,,,00.000199200000,   0.19200,
,,,00.000199600000,   0.19200,
,,,00.000200000000,   0.19200,
,,,00.000200400000,   0.19200,
,,,00.000200800000,   0.19200,
,,,00.000201200000,   0.19200,
,,,00.000201600000,   0.19200,
,,,00.000202000000,   0.19200,
,,,00.000202400000,   0.19200,
,,,00.000202800000,   0.19200,
,,,00.000203200000,   0.19200,
,,,00.000203600000,   0.19200,
,,,00.000204000000,   0.19200,
,,,00.000204400000,   0.25600,
,,,00.000204800000,   0.25600,
,,,00.000205200000,   0.25600,
,,,00.000205600000,   0.25600,
,,,00.000206000000,   0.25600,
,,,00.000206400000,   0.25600,
,,,00.000206800000,   0.25600,
,,,00.000207200000,   0.25600,
,,,00.000207600000,   0.25600,
,,,00.000208000000,   0.25600,
,,,00.000208400000,   0.25600,
,,,00.000208800000,   0.25600,
,,,00.000209200000,   0.25600,
,,,00.000209600000,   0.25600,
,,,00.000210000000,   0.32000,
,,,00.000210400000,   0.25600,
,,,00.000210800000,   0.25600,
,,,00.000211200000,   0.32000,
,,,00.000211600000,   0.32000,
,,,00.000212000000,   0.32000,
,,,00.000212400000,   0.32000,
,,,00.000212800000,   0.32000,
,,,00.000213200000,   0.32000,
,,,00.000213600000,   0.32000,
,,,00.000214000000,   0.32000,
,,,00.000214400000,   0.32000,
,,,00.000214800000,   0.32000,
,,,00.000215200000,   0.32000,
,,,00.000215600000,   0.32000,
,,,00.000216000000,   0.32000,
,,,00.000216400000,   0.32000,
,,,00.000216800000,   0.38400,
,,,00.000217200000,   0.32000,
,,,00.000217600000,   0.32000,
,,,00.000218000000,   0.38400,
,,,00.000218400000,   0.38400,
,,,00.000218800000,   0.38400,
,,,00.000219200000,   0.38400,
,,,00.000219600000,   0.38400,
,,,00.000220000000,   0.38400,
,,,00.000220400000,   0.38400,
,,,00.000220800000,   0.38400,
,,,00.000221200000,   0.38400,
,,,00.000221600000,   0.38400,
,,,00.000222000000,   0.38400,
,,,00.000222400000,   0.38400,
,,,00.000222800000,   0.38400,
,,,00.000223200000,   0.38400,
,,,00.000223600000,   0.44800,
,,,00.000224000000,   0.44800,
,,,00.000224400000,   0.44800,
,,,00.000224800000,   0.44800,
,,,00.000225200000,   0.44800,
,,,00.000225600000,   0.44800,
,,,00.000226000000,   0.44800,
,,,00.000226400000,   0.44800,
,,,00.000226800000,   0.44800,
,,,00.000227200000,   0.44800,
,,,00.000227600000,   0.44800,
,,,00.000228000000,   0.44800,
,,,00.000228400000,   0.44800,
,,,00.000228800000,   0.44800,
,,,00.000229200000,   0.44800,
,,,00.000229600000,   0.51200,
,,,00.000230000000,   0.51200,
,,,00.000230400000,   0.51200,
,,,00.000230800000,   0.51200,
,,,00.000231200000,   0.51200,
,,,00.000231600000,   0.51200,
,,,00.000232000000,   0.51200,
,,,00.000232400000,   0.51200,
,,,00.000232800000,   0.51200,
,,,00.000233200000,   0.51200,
,,,00.000233600000,   0.51200,
,,,00.000234000000,   0.51200,
,,,00.000234400000,   0.51200,
,,,00.000234800000,   0.51200,
,,,00.000235200000,   0.51200,
,,,00.000235600000,   0.51200,
,,,00.000236000000,   0.51200,
,,,00.000236400000,   0.51200,
,,,00.000236800000,   0.57600,
,,,00.000237200000,   0.57600,
,,,00.000237600000,   0.57600,
,,,00.000238000000,   0.57600,
,,,00.000238400000,   0.57600,
,,,00.000238800000,   0.57600,
,,,00.000239200000,   0.57600,
,,,00.000239600000,   0.57600,
,,,00.000240000000,   0.57600,
,,,00.000240400000,   0.57600,
,,,00.000240800000,   0.57600,
,,,00.000241200000,   0.57600,
,,,00.000241600000,   0.57600,
,,,00.000242000000,   0.57600,
,,,00.000242400000,   0.57600,
,,,00.000242800000,   0.57600,
,,,00.000243200000,   0.57600,
,,,00.000243600000,   0.64000,
,,,00.000244000000,   0.64000,
,,,00.000244400000,   0.64000,
,,,00.000244800000,   0.64000,
,,,00.000245200000,   0.64000,
,,,00.000245600000,   0.64000,
,,,00.000246000000,   0.64000,
,,,00.000246400000,   0.64000,
,,,00.000246800000,   0.64000,
,,,00.000247200000,   0.64000,
,,,00.000247600000,   0.64000,
,,,00.000248000000,   0.64000,
,,,00.000248400000,   0.64000,
,,,00.000248800000,   0.64000,
,,,00.000249200000,   0.64000,
,,,00.000249600000,   0.64000,
,,,00.000250000000,   0.64000,
,,,00.000250400000,   0.70400,
,,,00.000250800000,   0.70400,
,,,00.000251200000,   0.70400,
,,,00.000251600000,   0.70400,
,,,00.000252000000,   0.70400,
,,,00.000252400000,   0.70400,
,,,00.000252800000,   0.70400,
,,,00.000253200000,   0.70400,
,,,00.000253600000,   0.70400,
,,,00.000254000000,   0.70400,
,,,00.000254400000,   0.70400,
,,,00.000254800000,   0.70400,
,,,00.000255200000,   0.70400,
,,,00.000255600000,   0.70400,
,,,00.000256000000,   0.70400,
,,,00.000256400000,   0.70400,
,,,00.000256800000,   0.70400,
,,,00.000257200000,   0.70400,
,,,00.000257600000,   0.76800,
,,,00.000258000000,   0.76800,
,,,00.000258400000,   0.76800,
,,,00.000258800000,   0.76800,
,,,00.000259200000,   0.76800,
,,,00.000259600000,   0.76800,
,,,00.000260000000,   0.76800,
,,,00.000260400000,   0.76800,
,,,00.000260800000,   0.76800,
,,,00.000261200000,   0.76800,
,,,00.000261600000,   0.76800,
,,,00.000262000000,   0.76800,
,,,00.000262400000,   0.76800,
,,,00.000262800000,   0.76800,
,,,00.000263200000,   0.76800,
,,,00.000263600000,   0.76800,
,,,00.000264000000,   0.83200,
,,,00.000264400000,   0.83200,
,,,00.000264800000,   0.83200,
,,,00.000265200000,   0.83200,
,,,00.000265600000,   0.83200,
,,,00.000266000000,   0.83200,
,,,00.000266400000,   0.83200,
,,,00.000266800000,   0.83200,
,,,00.000267200000,   0.83200,
,,,00.000267600000,   0.83200,
,,,00.000268000000,   0.83200,
,,,00.000268400000,   0.83200,
,,,00.000268800000,   0.83200,
,,,00.000269200000,   0.83200,
,,,00.000269600000,   0.83200,
,,,00.000270000000,   0.83200,
,,,00.000270400000,   0.83200,
,,,00.000270800000,   0.83200,
,,,00.000271200000,   0.83200,
,,,00.000271600000,   0.89600,
,,,00.000272000000,   0.89600,
,,,00.000272400000,   0.89600,
,,,00.000272800000,   0.89600,
,,,00.000273200000,   0.89600,
,,,00.000273600000,   0.89600,
,,,00.000274000000,   0.89600,
,,,00.000274400000,   0.89600,
,,,00.000274800000,   0.89600,
,,,00.000275200000,   0.89600,
,,,00.000275600000,   0.89600,
,,,00.000276000000,   0.89600,
,,,00.000276400000,   0.89600,
,,,00.000276800000,   0.89600,
,,,00.000277200000,   0.89600,
,,,00.000277600000,   0.89600,
,,,00.000278000000,   0.89600,
,,,00.000278400000,   0.89600,
,,,00.000278800000,   0.89600,
,,,00.000279200000,   0.96000,
,,,00.000279600000,   0.96000,
,,,00.000280000000,   0.96000,
,,,00.000280400000,   0.96000,
,,,00.000280800000,   0.96000,
,,,00.000281200000,   0.96000,
,,,00.000281600000,   0.96000,
,,,00.000282000000,   0.96000,
,,,00.000282400000,   0.96000,
,,,00.000282800000,   0.96000,
,,,00.000283200000,   0.96000,
,,,00.000283600000,   0.96000,
,,,00.000284000000,   0.96000,
,,,00.000284400000,   0.96000,
,,,00.000284800000,   0.96000,
,,,00.000285200000,   0.96000,
,,,00.000285600000,   0.96000,
,,,00.000286000000,   0.96000,
,,,00.000286400000,   1.02400,
,,,00.000286800000,   1.02400,
,,,00.000287200000,   1.02400,
,,,00.000287600000,   1.02400,
,,,00.000288000000,   1.02400,
,,,00.000288400000,   1.02400,
,,,00.000288800000,   1.02400,
,,,00.000289200000,   1.02400,
,,,00.000289600000,   1.02400,
,,,00.000290000000,   1.02400,
,,,00.000290400000,   1.02400,
,,,00.000290800000,   1.02400,
,,,00.000291200000,   1.02400,
,,,00.000291600000,   1.02400,
,,,00.000292000000,   1.02400,
,,,00.000292400000,   1.02400,
,,,00.000292800000,   1.02400,
,,,00.000293200000,   1.02400,
,,,00.000293600000,   1.02400,
,,,00.000294000000,   1.08800,
,,,00.000294400000,   1.08800,
,,,00.000294800000,   1.08800,
,,,00.000295200000,   1.08800,
,,,00.000295600000,   1.08800,
,,,00.000296000000,   1.08800,
,,,00.000296400000,   1.08800,
,,,00.000296800000,   1.08800,
,,,00.000297200000,   1.08800,
,,,00.000297600000,   1.08800,
,,,00.000298000000,   1.08800,
,,,00.000298400000,   1.08800,
,,,00.000298800000,   1.08800,
,,,00.000299200000,   1.08800,
,,,00.000299600000,   1.08800,
,,,00.000300000000,   1.08800,
,,,00.000300400000,   1.08800,
,,,00.000300800000,   1.08800,
,,,00.000301200000,   1.08800,
,,,00.000301600000,   1.08800,
,,,00.000302000000,   1.15200,
,,,00.000302400000,   1.15200,
,,,00.000302800000,   1.15200,
,,,00.000303200000,   1.15200,
,,,00.000303600000,   1.15200,
,,,00.000304000000,   1.15200,
,,,00.000304400000,   1.15200,
,,,00.000304800000,   1.15200,
,,,00.000305200000,   1.15200,
,,,00.000305600000,   1.15200,
,,,00.000306000000,   1.15200,
,,,00.000306400000,   1.15200,
,,,00.000306800000,   1.15200,
,,,00.000307200000,   1.15200,
,,,00.000307600000,   1.15200,
,,,00.000308000000,   1.15200,
,,,00.000308400000,   1.15200,
,,,00.000308800000,   1.15200,
,,,00.000309200000,   1.15200,
,,,00.000309600000,   1.15200,
,,,00.000310000000,   1.21600,
,,,00.000310400000,   1.21600,
,,,00.000310800000,   1.21600,
,,,00.000311200000,   1.21600,
,,,00.000311600000,   1.21600,
,,,00.000312000000,   1.21600,
,,,00.000312400000,   1.21600,
,,,00.000312800000,   1.21600,
,,,00.000313200000,   1.21600,
,,,00.000313600000,   1.21600,
,,,00.000314000000,   1.21600,
,,,00.000314400000,   1.21600,
,,,00.000314800000,   1.21600,
,,,00.000315200000,   1.21600,
,,,00.000315600000,   1.21600,
,,,00.000316000000,   1.21600,
,,,00.000316400000,   1.21600,
,,,00.000316800000,   1.21600,
,,,00.000317200000,   1.21600,
,,,00.000317600000,   1.28000,
,,,00.000318000000,   1.21600,
,,,00.000318400000,   1.28000,
,,,00.000318800000,   1.28000,
,,,00.000319200000,   1.28000,
,,,00.000319600000,   1.28000,
,,,00.000320000000,   1.28000,
,,,00.000320400000,   1.28000,
,,,00.000320800000,   1.28000,
,,,00.000321200000,   1.28000,
,,,00.000321600000,   1.28000,
,,,00.000322000000,   1.28000,
,,,00.000322400000,   1.28000,
,,,00.000322800000,   1.28000,
,,,00.000323200000,   1.28000,
,,,00.000323600000,   1.28000,
,,,00.000324000000,   1.28000,
,,,00.000324400000,   1.28000,
,,,00.000324800000,   1.28000,
,,,00.000325200000,   1.28000,
,,,00.000325600000,   1.34400,
,,,00.000326000000,   1.34400,
,,,00.000326400000,   1.34400,
,,,00.000326800000,   1.34400,
,,,00.000327200000,   1.34400,
,,,00.000327600000,   1.34400,
,,,00.000328000000,   1.34400,
,,,00.000328400000,   1.34400,
,,,00.000328800000,   1.34400,
,,,00.000329200000,   1.34400,
,,,00.000329600000,   1.34400,
,,,00.000330000000,   1.34400,
,,,00.000330400000,   1.34400,
,,,00.000330800000,   1.34400,
,,,00.000331200000,   1.34400,
,,,00.000331600000,   1.34400,
,,,00.000332000000,   1.34400,
,,,00.000332400000,   1.34400,
,,,00.000332800000,   1.34400,
,,,00.000333200000,   1.34400,
,,,00.000333600000,   1.34400,
,,,00.000334000000,   1.34400,
,,,00.000334400000,   1.40800,
,,,00.000334800000,   1.40800,
,,,00.000335200000,   1.40800,
,,,00.000335600000,   1.40800,
,,,00.000336000000,   1.40800,
,,,00.000336400000,   1.40800,
,,,00.000336800000,   1.40800,
,,,00.000337200000,   1.40800,
,,,00.000337600000,   1.40800,
,,,00.000338000000,   1.40800,
,,,00.000338400000,   1.40800,
,,,00.000338800000,   1.40800,
,,,00.000339200000,   1.40800,
,,,00.000339600000,   1.40800,
,,,00.000340000000,   1.40800,
,,,00.000340400000,   1.40800,
,,,00.000340800000,   1.40800,
,,,00.000341200000,   1.40800,
,,,00.000341600000,   1.40800,
,,,00.000342000000,   1.47200,
,,,00.000342400000,   1.40800,
,,,00.000342800000,   1.47200,
,,,00.000343200000,   1.47200,
,,,00.000343600000,   1.47200,
,,,00.000344000000,   1.47200,
,,,00.000344400000,   1.47200,
,,,00.000344800000,   1.47200,
,,,00.000345200000,   1.47200,
,,,00.000345600000,   1.47200,
,,,00.000346000000,   1.47200,
,,,00.000346400000,   1.47200,
,,,00.000346800000,   1.47200,
,,,00.000347200000,   1.47200,
,,,00.000347600000,   1.47200,
,,,00.000348000000,   1.47200,
,,,00.000348400000,   1.47200,
,,,00.000348800000,   1.47200,
,,,00.000349200000,   1.47200,
,,,00.000349600000,   1.47200,
,,,00.000350000000,   1.47200,
,,,00.000350400000,   1.47200,
,,,00.000350800000,   1.53600,
,,,00.000351200000,   1.53600,
,,,00.000351600000,   1.53600,
,,,00.000352000000,   1.53600,
,,,00.000352400000,   1.53600,
,,,00.000352800000,   1.53600,
,,,00.000353200000,   1.53600,
,,,00.000353600000,   1.53600,
,,,00.000354000000,   1.53600,
,,,00.000354400000,   1.53600,
,,,00.000354800000,   1.53600,
,,,00.000355200000,   1.53600,
,,,00.000355600000,   1.53600,
,,,00.000356000000,   1.53600,
,,,00.000356400000,   1.53600,
,,,00.000356800000,   1.53600,
,,,00.000357200000,   1.53600,
,,,00.000357600000,   1.53600,
,,,00.000358000000,   1.53600,
,,,00.000358400000,   1.53600,
,,,00.000358800000,   1.53600,
,,,00.000359200000,   1.53600,
,,,00.000359600000,   1.60000,
,,,00.000360000000,   1.60000,
,,,00.000360400000,   1.60000,
,,,00.000360800000,   1.60000,
,,,00.000361200000,   1.60000,
,,,00.000361600000,   1.60000,
,,,00.000362000000,   1.60000,
,,,00.000362400000,   1.60000,
,,,00.000362800000,   1.60000,
,,,00.000363200000,   1.60000,
,,,00.000363600000,   1.60000,
,,,00.000364000000,   1.60000,
,,,00.000364400000,   1.60000,
,,,00.000364800000,   1.60000,
,,,00.000365200000,   1.60000,
,,,00.000365600000,   1.60000,
,,,00.000366000000,   1.60000,
,,,00.000366400000,   1.60000,
,,,00.000366800000,   1.60000,
,,,00.000367200000,   1.60000,
,,,00.000367600000,   1.60000,
,,,00.000368000000,   1.60000,
,,,00.000368400000,   1.66400,
,,,00.000368800000,   1.60000,
,,,00.000369200000,   1.66400,
,,,00.000369600000,   1.66400,
,,,00.000370000000,   1.66400,
,,,00.000370400000,   1.66400,
,,,00.000370800000,   1.66400,
,,,00.000371200000,   1.66400,
,,,00.000371600000,   1.66400,
,,,00.000372000000,   1.66400,
,,,00.000372400000,   1.66400,
,,,00.000372800000,   1.66400,
,,,00.000373200000,   1.66400,
,,,00.000373600000,   1.66400,
,,,00.000374000000,   1.66400,
,,,00.000374400000,   1.66400,
,,,00.000374800000,   1.66400,
,,,00.000375200000,   1.66400,
,,,00.000375600000,   1.66400,
,,,00.000376000000,   1.66400,
,,,00.000376400000,   1.72800,
,,,00.000376800000,   1.66400,
,,,00.000377200000,   1.72800,
,,,00.000377600000,   1.66400,
,,,00.000378000000,   1.72800,
,,,00.000378400000,   1.72800,
,,,00.000378800000,   1.72800,
,,,00.000379200000,   1.72800,
,,,00.000379600000,   1.72800,
,,,00.000380000000,   1.72800,
,,,00.000380400000,   1.72800,
,,,00.000380800000,   1.72800,
,,,00.000381200000,   1.72800,
,,,00.000381600000,   1.72800,
,,,00.000382000000,   1.72800,
,,,00.000382400000,   1.72800,
,,,00.000382800000,   1.72800,
,,,00.000383200000,   1.72800,
,,,00.000383600000,   1.72800,
,,,00.000384000000,   1.72800,
,,,00.000384400000,   1.72800,
,,,00.000384800000,   1.72800,
,,,00.000385200000,   1.72800,
,,,00.000385600000,   1.72800,
,,,00.000386000000,   1.79200,
,,,00.000386400000,   1.79200,
,,,00.000386800000,   1.79200,
,,,00.000387200000,   1.79200,
,,,00.000387600000,   1.79200,
,,,00.000388000000,   1.79200,
,,,00.000388400000,   1.79200,
,,,00.000388800000,   1.79200,
,,,00.000389200000,   1.79200,
,,,00.000389600000,   1.79200,
,,,00.000390000000,   1.79200,
,,,00.000390400000,   1.79200,
,,,00.000390800000,   1.79200,
,,,00.000391200000,   1.79200,
,,,00.000391600000,   1.79200,
,,,00.000392000000,   1.79200,
,,,00.000392400000,   1.79200,
,,,00.000392800000,   1.79200,
,,,00.000393200000,   1.79200,
,,,00.000393600000,   1.79200,
,,,00.000394000000,   1.79200,
,,,00.000394400000,   1.79200,
,,,00.000394800000,   1.79200,
,,,00.000395200000,   1.85600,
,,,00.000395600000,   1.85600,
,,,00.000396000000,   1.85600,
,,,00.000396400000,   1.85600,
,,,00.000396800000,   1.85600,
,,,00.000397200000,   1.85600,
,,,00.000397600000,   1.85600,
,,,00.000398000000,   1.85600,
,,,00.000398400000,   1.85600,
,,,00.000398800000,   1.85600,
,,,00.000399200000,   1.85600,
,,,00.000399600000,   1.85600,
,,,00.000400000000,   1.85600,
,,,00.000400400000,   1.85600,
,,,00.000400800000,   1.85600,
,,,00.000401200000,   1.85600,
,,,00.000401600000,   1.85600,
,,,00.000402000000,   1.85600,
,,,00.000402400000,   1.85600,
,,,00.000402800000,   1.85600,
,,,00.000403200000,   1.85600,
,,,00.000403600000,   1.85600,
,,,00.000404000000,   1.92000,
,,,00.000404400000,   1.85600,
,,,00.000404800000,   1.92000,
,,,00.000405200000,   1.92000,
,,,00.000405600000,   1.92000,
,,,00.000406000000,   1.92000,
,,,00.000406400000,   1.92000,
,,,00.000406800000,   1.92000,
,,,00.000407200000,   1.92000,
,,,00.000407600000,   1.92000,
,,,00.000408000000,   1.92000,
,,,00.000408400000,   1.92000,
,,,00.000408800000,   1.92000,
,,,00.000409200000,   1.92000,
,,,00.000409600000,   1.92000,
,,,00.000410000000,   1.92000,
,,,00.000410400000,   1.92000,
,,,00.000410800000,   1.92000,
,,,00.000411200000,   1.92000,
,,,00.000411600000,   1.92000,
,,,00.000412000000,   1.92000,
,,,00.000412400000,   1.92000,
,,,00.000412800000,   1.92000,
,,,00.000413200000,   1.92000,
,,,00.000413600000,   1.98400,
,,,00.000414000000,   1.98400,
,,,00.000414400000,   1.98400,
,,,00.000414800000,   1.98400,
,,,00.000415200000,   1.98400,
,,,00.000415600000,   1.98400,
,,,00.000416000000,   1.98400,
,,,00.000416400000,   1.98400,
,,,00.000416800000,   1.98400,
,,,00.000417200000,   1.98400,
,,,00.000417600000,   1.98400,
,,,00.000418000000,   1.98400,
,,,00.000418400000,   1.98400,
,,,00.000418800000,   1.98400,
,,,00.000419200000,   1.98400,
,,,00.000419600000,   1.98400,
,,,00.000420000000,   1.98400,
,,,00.000420400000,   1.98400,
,,,00.000420800000,   1.98400,
,,,00.000421200000,   1.98400,
,,,00.000421600000,   1.98400,
,,,00.000422000000,   1.98400,
,,,00.000422400000,   1.98400,
,,,00.000422800000,   1.98400,
,,,00.000423200000,   1.98400,
,,,00.000423600000,   2.04800,
,,,00.000424000000,   2.04800,
,,,00.000424400000,   2.04800,
,,,00.000424800000,   2.04800,
,,,00.000425200000,   2.04800,
,,,00.000425600000,   2.04800,
,,,00.000426000000,   2.04800,
,,,00.000426400000,   2.04800,
,,,00.000426800000,   2.04800,
,,,00.000427200000,   2.04800,
,,,00.000427600000,   2.04800,
,,,00.000428000000,   2.04800,
,,,00.000428400000,   2.04800,
,,,00.000428800000,   2.04800,
,,,00.000429200000,   2.04800,
,,,00.000429600000,   2.04800,
,,,00.000430000000,   2.04800,
,,,00.000430400000,   2.04800,
,,,00.000430800000,   2.04800,
,,,00.000431200000,   2.04800,
,,,00.000431600000,   2.04800,
,,,00.000432000000,   2.04800,
,,,00.000432400000,   2.11200,
,,,00.000432800000,   2.11200,
,,,00.000433200000,   2.11200,
,,,00.000433600000,   2.11200,
,,,00.000434000000,   2.11200,
,,,00.000434400000,   2.11200,
,,,00.000434800000,   2.11200,
,,,00.000435200000,   2.11200,
,,,00.000435600000,   2.11200,
,,,00.000436000000,   2.11200,
,,,00.000436400000,   2.11200,
,,,00.000436800000,   2.11200,
,,,00.000437200000,   2.11200,
,,,00.000437600000,   2.11200,
,,,00.000438000000,   2.11200,
,,,00.000438400000,   2.11200,
,,,00.000438800000,   2.11200,
,,,00.000439200000,   2.11200,
,,,00.000439600000,   2.11200,
,,,00.000440000000,   2.11200,
,,,00.000440400000,   2.11200,
,,,00.000440800000,   2.11200,
,,,00.000441200000,   2.17600,
,,,00.000441600000,   2.17600,
,,,00.000442000000,   2.17600,
,,,00.000442400000,   2.17600,
,,,00.000442800000,   2.17600,
,,,00.000443200000,   2.17600,
,,,00.000443600000,   2.17600,
,,,00.000444000000,   2.17600,
,,,00.000444400000,   2.17600,
,,,00.000444800000,   2.17600,
,,,00.000445200000,   2.17600,
,,,00.000445600000,   2.17600,
,,,00.000446000000,   2.17600,
,,,00.000446400000,   2.17600,
,,,00.000446800000,   2.17600,
,,,00.000447200000,   2.17600,
,,,00.000447600000,   2.17600,
,,,00.000448000000,   2.17600,
,,,00.000448400000,   2.17600,
,,,00.000448800000,   2.17600,
,,,00.000449200000,   2.17600,
,,,00.000449600000,   2.17600,
,,,00.000450000000,   2.17600,
,,,00.000450400000,   2.24000,
,,,00.000450800000,   2.24000,
,,,00.000451200000,   2.24000,
,,,00.000451600000,   2.24000,
,,,00.000452000000,   2.24000,
,,,00.000452400000,   2.24000,
,,,00.000452800000,   2.24000,
,,,00.000453200000,   2.24000,
,,,00.000453600000,   2.24000,
,,,00.000454000000,   2.24000,
,,,00.000454400000,   2.24000,
,,,00.000454800000,   2.24000,
,,,00.000455200000,   2.24000,
,,,00.000455600000,   2.24000,
,,,00.000456000000,   2.24000,
,,,00.000456400000,   2.24000,
,,,00.000456800000,   2.24000,
,,,00.000457200000,   2.24000,
,,,00.000457600000,   2.24000,
,,,00.000458000000,   2.24000,
,,,00.000458400000,   2.24000,
,,,00.000458800000,   2.24000,
,,,00.000459200000,   2.24000,
,,,00.000459600000,   2.24000,
,,,00.000460000000,   2.24000,
,,,00.000460400000,   2.24000,
,,,00.000460800000,   2.30400,
,,,00.000461200000,   2.30400,
,,,00.000461600000,   2.30400,
,,,00.000462000000,   2.30400,
,,,00.000462400000,   2.30400,
,,,00.000462800000,   2.30400,
,,,00.000463200000,   2.30400,
,,,00.000463600000,   2.30400,
,,,00.000464000000,   2.30400,
,,,00.000464400000,   2.30400,
,,,00.000464800000,   2.30400,
,,,00.000465200000,   2.30400,
,,,00.000465600000,   2.30400,
,,,00.000466000000,   2.30400,
,,,00.000466400000,   2.30400,
,,,00.000466800000,   2.30400,
,,,00.000467200000,   2.30400,
,,,00.000467600000,   2.30400,
,,,00.000468000000,   2.30400,
,,,00.000468400000,   2.30400,
,,,00.000468800000,   2.30400,
,,,00.000469200000,   2.30400,
,,,00.000469600000,   2.36800,
,,,00.000470000000,   2.30400,
,,,00.000470400000,   2.36800,
,,,00.000470800000,   2.36800,
,,,00.000471200000,   2.36800,
,,,00.000471600000,   2.36800,
,,,00.000472000000,   2.36800,
,,,00.000472400000,   2.36800,
,,,00.000472800000,   2.36800,
,,,00.000473200000,   2.36800,
,,,00.000473600000,   2.36800,
,,,00.000474000000,   2.36800,
,,,00.000474400000,   2.36800,
,,,00.000474800000,   2.36800,
,,,00.000475200000,   2.36800,
,,,00.000475600000,   2.36800,
,,,00.000476000000,   2.36800,
,,,00.000476400000,   2.36800,
,,,00.000476800000,   2.36800,
,,,00.000477200000,   2.36800,
,,,00.000477600000,   2.36800,
,,,00.000478000000,   2.36800,
,,,00.000478400000,   2.36800,
,,,00.000478800000,   2.43200,
,,,00.000479200000,   2.43200,
,,,00.000479600000,   2.43200,
,,,00.000480000000,   2.43200,
,,,00.000480400000,   2.43200,
,,,00.000480800000,   2.43200,
,,,00.000481200000,   2.43200,
,,,00.000481600000,   2.43200,
,,,00.000482000000,   2.43200,
,,,00.000482400000,   2.43200,
,,,00.000482800000,   2.43200,
,,,00.000483200000,   2.43200,
,,,00.000483600000,   2.43200,
,,,00.000484000000,   2.43200,
,,,00.000484400000,   2.43200,
,,,00.000484800000,   2.43200,
,,,00.000485200000,   2.43200,
,,,00.000485600000,   2.43200,
,,,00.000486000000,   2.43200,
,,,00.000486400000,   2.43200,
,,,00.000486800000,   2.43200,
,,,00.000487200000,   2.43200,
,,,00.000487600000,   2.43200,
,,,00.000488000000,   2.43200,
,,,00.000488400000,   2.43200,
,,,00.000488800000,   2.49600,
,,,00.000489200000,   2.49600,
,,,00.000489600000,   2.49600,
,,,00.000490000000,   2.49600,
,,,00.000490400000,   2.49600,
,,,00.000490800000,   2.49600,
,,,00.000491200000,   2.49600,
,,,00.000491600000,   2.49600,
,,,00.000492000000,   2.49600,
,,,00.000492400000,   2.49600,
,,,00.000492800000,   2.49600,
,,,00.000493200000,   2.49600,
,,,00.000493600000,   2.49600,
,,,00.000494000000,   2.49600,
,,,00.000494400000,   2.49600,
,,,00.000494800000,   2.49600,
,,,00.000495200000,   2.49600,
,,,00.000495600000,   2.49600,
,,,00.000496000000,   2.49600,
,,,00.000496400000,   2.49600,
,,,00.000496800000,   2.56000,
,,,00.000497200000,   2.49600,
,,,00.000497600000,   2.49600,
,,,00.000498000000,   2.49600,
,,,00.000498400000,   2.56000,
,,,00.000498800000,   2.56000,
,,,00.000499200000,   2.56000,
,,,00.000499600000,   2.56000,
,,,00.000500000000,   2.56000,
,,,00.000500400000,   2.56000,
,,,00.000500800000,   2.56000,
,,,00.000501200000,   2.56000,
,,,00.000501600000,   2.56000,
,,,00.000502000000,   2.56000,
,,,00.000502400000,   2.56000,
,,,00.000502800000,   2.56000,
,,,00.000503200000,   2.56000,
,,,00.000503600000,   2.56000,
,,,00.000504000000,   2.56000,
,,,00.000504400000,   2.56000,
,,,00.000504800000,   2.56000,
,,,00.000505200000,   2.56000,
,,,00.000505600000,   2.56000,
,,,00.000506000000,   2.56000,
,,,00.000506400000,   2.56000,
,,,00.000506800000,   2.62400,
,,,00.000507200000,   2.62400,
,,,00.000507600000,   2.62400,
,,,00.000508000000,   2.62400,
,,,00.000508400000,   2.62400,
,,,00.000508800000,   2.62400,
,,,00.000509200000,   2.62400,
,,,00.000509600000,   2.62400,
,,,00.000510000000,   2.62400,
,,,00.000510400000,   2.62400,
,,,00.000510800000,   2.62400,
,,,00.000511200000,   2.62400,
,,,00.000511600000,   2.62400,
,,,00.000512000000,   2.62400,
,,,00.000512400000,   2.62400,
,,,00.000512800000,   2.62400,
,,,00.000513200000,   2.62400,
,,,00.000513600000,   2.62400,
,,,00.000514000000,   2.62400,
,,,00.000514400000,   2.62400,
,,,00.000514800000,   2.62400,
,,,00.000515200000,   2.68800,
,,,00.000515600000,   2.68800,
,,,00.000516000000,   2.68800,
,,,00.000516400000,   2.68800,
,,,00.000516800000,   2.68800,
,,,00.000517200000,   2.68800,
,,,00.000517600000,   2.68800,
,,,00.000518000000,   2.68800,
,,,00.000518400000,   2.68800,
,,,00.000518800000,   2.68800,
,,,00.000519200000,   2.68800,
,,,00.000519600000,   2.68800,
,,,00.000520000000,   2.68800,
,,,00.000520400000,   2.68800,
,,,00.000520800000,   2.68800,
,,,00.000521200000,   2.68800,
,,,00.000521600000,   2.68800,
,,,00.000522000000,   2.68800,
,,,00.000522400000,   2.68800,
,,,00.000522800000,   2.68800,
,,,00.000523200000,   2.68800,
,,,00.000523600000,   2.68800,
,,,00.000524000000,   2.68800,
,,,00.000524400000,   2.68800,
,,,00.000524800000,   2.68800,
,,,00.000525200000,   2.75200,
,,,00.000525600000,   2.68800,
,,,00.000526000000,   2.75200,
,,,00.000526400000,   2.75200,
,,,00.000526800000,   2.75200,
,,,00.000527200000,   2.75200,
,,,00.000527600000,   2.75200,
,,,00.000528000000,   2.75200,
,,,00.000528400000,   2.75200,
,,,00.000528800000,   2.75200,
,,,00.000529200000,   2.75200,
,,,00.000529600000,   2.75200,
,,,00.000530000000,   2.75200,
,,,00.000530400000,   2.75200,
,,,00.000530800000,   2.75200,
,,,00.000531200000,   2.75200,
,,,00.000531600000,   2.75200,
,,,00.000532000000,   2.75200,
,,,00.000532400000,   2.75200,
,,,00.000532800000,   2.75200,
,,,00.000533200000,   2.75200,
,,,00.000533600000,   2.75200,
,,,00.000534000000,   2.75200,
,,,00.000534400000,   2.81600,
,,,00.000534800000,   2.81600,
,,,00.000535200000,   2.81600,
,,,00.000535600000,   2.81600,
,,,00.000536000000,   2.81600,
,,,00.000536400000,   2.81600,
,,,00.000536800000,   2.81600,
,,,00.000537200000,   2.81600,
,,,00.000537600000,   2.81600,
,,,00.000538000000,   2.81600,
,,,00.000538400000,   2.81600,
,,,00.000538800000,   2.81600,
,,,00.000539200000,   2.81600,
,,,00.000539600000,   2.81600,
,,,00.000540000000,   2.81600,
,,,00.000540400000,   2.81600,
,,,00.000540800000,   2.81600,
,,,00.000541200000,   2.81600,
,,,00.000541600000,   2.81600,
,,,00.000542000000,   2.81600,
,,,00.000542400000,   2.81600,
,,,00.000542800000,   2.88000,
,,,00.000543200000,   2.88000,
,,,00.000543600000,   2.88000,
,,,00.000544000000,   2.88000,
,,,00.000544400000,   2.88000,
,,,00.000544800000,   2.88000,
,,,00.000545200000,   2.88000,
,,,00.000545600000,   2.88000,
,,,00.000546000000,   2.88000,
,,,00.000546400000,   2.88000,
,,,00.000546800000,   2.88000,
,,,00.000547200000,   2.88000,
,,,00.000547600000,   2.88000,
,,,00.000548000000,   2.88000,
,,,00.000548400000,   2.88000,
,,,00.000548800000,   2.88000,
,,,00.000549200000,   2.88000,
,,,00.000549600000,   2.88000,
,,,00.000550000000,   2.88000,
,,,00.000550400000,   2.88000,
,,,00.000550800000,   2.88000,
,,,00.000551200000,   2.88000,
,,,00.000551600000,   2.94400,
,,,00.000552000000,   2.94400,
,,,00.000552400000,   2.94400,
,,,00.000552800000,   2.94400,
,,,00.000553200000,   2.94400,
,,,00.000553600000,   2.94400,
,,,00.000554000000,   2.94400,
,,,00.000554400000,   2.94400,
,,,00.000554800000,   2.94400,
,,,00.000555200000,   2.94400,
,,,00.000555600000,   2.94400,
,,,00.000556000000,   2.94400,
,,,00.000556400000,   2.94400,
,,,00.000556800000,   2.94400,
,,,00.000557200000,   2.94400,
,,,00.000557600000,   2.94400,
,,,00.000558000000,   2.94400,
,,,00.000558400000,   2.94400,
,,,00.000558800000,   2.94400,
,,,00.000559200000,   2.94400,
,,,00.000559600000,   2.94400,
,,,00.000560000000,   2.94400,
,,,00.000560400000,   2.94400,
,,,00.000560800000,   2.94400,
,,,00.000561200000,   2.94400,
,,,00.000561600000,   2.94400,
,,,00.000562000000,   3.00800,
,,,00.000562400000,   3.00800,
,,,00.000562800000,   3.00800,
,,,00.000563200000,   3.00800,
,,,00.000563600000,   3.00800,
,,,00.000564000000,   3.00800,
,,,00.000564400000,   3.00800,
,,,00.000564800000,   3.00800,
,,,00.000565200000,   3.00800,
,,,00.000565600000,   3.00800,
,,,00.000566000000,   3.00800,
,,,00.000566400000,   3.00800,
,,,00.000566800000,   3.00800,
,,,00.000567200000,   3.00800,
,,,00.000567600000,   3.00800,
,,,00.000568000000,   3.00800,
,,,00.000568400000,   3.00800,
,,,00.000568800000,   3.00800,
,,,00.000569200000,   3.00800,
,,,00.000569600000,   3.00800,
,,,00.000570000000,   3.00800,
,,,00.000570400000,   3.07200,
,,,00.000570800000,   3.07200,
,,,00.000571200000,   3.07200,
,,,00.000571600000,   3.07200,
,,,00.000572000000,   3.07200,
,,,00.000572400000,   3.07200,
,,,00.000572800000,   3.07200,
,,,00.000573200000,   3.07200,
,,,00.000573600000,   3.07200,
,,,00.000574000000,   3.07200,
,,,00.000574400000,   3.07200,
,,,00.000574800000,   3.07200,
,,,00.000575200000,   3.07200,
,,,00.000575600000,   3.07200,
,,,00.000576000000,   3.07200,
,,,00.000576400000,   3.07200,
,,,00.000576800000,   3.07200,
,,,00.000577200000,   3.07200,
,,,00.000577600000,   3.07200,
,,,00.000578000000,   3.07200,
,,,00.000578400000,   3.13600,
,,,00.000578800000,   3.13600,
,,,00.000579200000,   3.07200,
,,,00.000579600000,   3.13600,
,,,00.000580000000,   3.13600,
,,,00.000580400000,   3.13600,
,,,00.000580800000,   3.13600,
,,,00.000581200000,   3.13600,
,,,00.000581600000,   3.13600,
,,,00.000582000000,   3.13600,
,,,00.000582400000,   3.13600,
,,,00.000582800000,   3.13600,
,,,00.000583200000,   3.13600,
,,,00.000583600000,   3.13600,
,,,00.000584000000,   3.13600,
,,,00.000584400000,   3.13600,
,,,00.000584800000,   3.13600,
,,,00.000585200000,   3.13600,
,,,00.000585600000,   3.13600,
,,,00.000586000000,   3.13600,
,,,00.000586400000,   3.13600,
,,,00.000586800000,   3.13600,
,,,00.000587200000,   3.13600,
,,,00.000587600000,   3.20000,
,,,00.000588000000,   3.20000,
,,,00.000588400000,   3.20000,
,,,00.000588800000,   3.20000,
,,,00.000589200000,   3.13600,
,,,00.000589600000,   3.20000,
,,,00.000590000000,   3.20000,
,,,00.000590400000,   3.20000,
,,,00.000590800000,   3.20000,
,,,00.000591200000,   3.20000,
,,,00.000591600000,   3.20000,
,,,00.000592000000,   3.20000,
,,,00.000592400000,   3.20000,
,,,00.000592800000,   3.20000,
,,,00.000593200000,   3.20000,
,,,00.000593600000,   3.20000,
,,,00.000594000000,   3.20000,
,,,00.000594400000,   3.20000,
,,,00.000594800000,   3.20000,
,,,00.000595200000,   3.20000,
,,,00.000595600000,   3.20000,
,,,00.000596000000,   3.20000,
,,,00.000596400000,   3.20000,
,,,00.000596800000,   3.20000,
,,,00.000597200000,   3.26400,
,,,00.000597600000,   3.26400,
,,,00.000598000000,   3.26400,
,,,00.000598400000,   3.26400,
,,,00.000598800000,   3.26400,
,,,00.000599200000,   3.26400,
,,,00.000599600000,   3.26400,
,,,00.000600000000,   3.26400,
,,,00.000600400000,   3.26400,
,,,00.000600800000,   3.26400,
,,,00.000601200000,   3.26400,
,,,00.000601600000,   3.26400,
,,,00.000602000000,   3.26400,
,,,00.000602400000,   3.26400,
,,,00.000602800000,   3.26400,
,,,00.000603200000,   3.26400,
,,,00.000603600000,   3.26400,
,,,00.000604000000,   3.26400,
,,,00.000604400000,   3.26400,
,,,00.000604800000,   3.26400,
,,,00.000605200000,   3.26400,
,,,00.000605600000,   3.26400,
,,,00.000606000000,   3.26400,
,,,00.000606400000,   3.26400,
,,,00.000606800000,   3.32800,
,,,00.000607200000,   3.32800,
,,,00.000607600000,   3.32800,
,,,00.000608000000,   3.32800,
,,,00.000608400000,   3.32800,
,,,00.000608800000,   3.32800,
,,,00.000609200000,   3.32800,
,,,00.000609600000,   3.32800,
,,,00.000610000000,   3.32800,
,,,00.000610400000,   3.32800,
,,,00.000610800000,   3.32800,
,,,00.000611200000,   3.32800,
,,,00.000611600000,   3.32800,
,,,00.000612000000,   3.32800,
,,,00.000612400000,   3.32800,
,,,00.000612800000,   3.32800,
,,,00.000613200000,   3.32800,
,,,00.000613600000,   3.32800,
,,,00.000614000000,   3.32800,
,,,00.000614400000,   3.32800,
,,,00.000614800000,   3.32800,
,,,00.000615200000,   3.32800,
,,,00.000615600000,   3.32800,
,,,00.000616000000,   3.39200,
,,,00.000616400000,   3.32800,
,,,00.000616800000,   3.39200,
,,,00.000617200000,   3.39200,
,,,00.000617600000,   3.39200,
,,,00.000618000000,   3.39200,
,,,00.000618400000,   3.39200,
,,,00.000618800000,   3.39200,
,,,00.000619200000,   3.39200,
,,,00.000619600000,   3.39200,
,,,00.000620000000,   3.39200,
,,,00.000620400000,   3.39200,
,,,00.000620800000,   3.39200,
,,,00.000621200000,   3.39200,
,,,00.000621600000,   3.39200,
,,,00.000622000000,   3.39200,
,,,00.000622400000,   3.39200,
,,,00.000622800000,   3.39200,
,,,00.000623200000,   3.39200,
,,,00.000623600000,   3.39200,
,,,00.000624000000,   3.39200,
,,,00.000624400000,   3.39200,
,,,00.000624800000,   3.39200,
,,,00.000625200000,   3.39200,
,,,00.000625600000,   3.39200,
,,,00.000626000000,   3.39200,
,,,00.000626400000,   3.39200,
,,,00.000626800000,   3.39200,
,,,00.000627200000,   3.45600,
,,,00.000627600000,   3.45600,
,,,00.000628000000,   3.45600,
,,,00.000628400000,   3.45600,
,,,00.000628800000,   3.45600,
,,,00.000629200000,   3.45600,
,,,00.000629600000,   3.45600,
,,,00.000630000000,   3.45600,
,,,00.000630400000,   3.45600,
,,,00.000630800000,   3.45600,
,,,00.000631200000,   3.45600,
,,,00.000631600000,   3.45600,
,,,00.000632000000,   3.45600,
,,,00.000632400000,   3.45600,
,,,00.000632800000,   3.45600,
,,,00.000633200000,   3.45600,
,,,00.000633600000,   3.45600,
,,,00.000634000000,   3.45600,
,,,00.000634400000,   3.45600,
,,,00.000634800000,   3.45600,
,,,00.000635200000,   3.45600,
,,,00.000635600000,   3.45600,
,,,00.000636000000,   3.45600,
,,,00.000636400000,   3.45600,
,,,00.000636800000,   3.45600,
,,,00.000637200000,   3.52000,
,,,00.000637600000,   3.52000,
,,,00.000638000000,   3.52000,
,,,00.000638400000,   3.52000,
,,,00.000638800000,   3.52000,
,,,00.000639200000,   3.52000,
,,,00.000639600000,   3.52000,
,,,00.000640000000,   3.52000,
,,,00.000640400000,   3.52000,
,,,00.000640800000,   3.52000,
,,,00.000641200000,   3.52000,
,,,00.000641600000,   3.52000,
,,,00.000642000000,   3.52000,
,,,00.000642400000,   3.52000,
,,,00.000642800000,   3.52000,
,,,00.000643200000,   3.52000,
,,,00.000643600000,   3.52000,
,,,00.000644000000,   3.52000,
,,,00.000644400000,   3.52000,
,,,00.000644800000,   3.52000,
,,,00.000645200000,   3.52000,
,,,00.000645600000,   3.52000,
,,,00.000646000000,   3.52000,
,,,00.000646400000,   3.52000,
,,,00.000646800000,   3.52000,
,,,00.000647200000,   3.52000,
,,,00.000647600000,   3.52000,
,,,00.000648000000,   3.52000,
,,,00.000648400000,   3.58400,
,,,00.000648800000,   3.58400,
,,,00.000649200000,   3.58400,
,,,00.000649600000,   3.58400,
,,,00.000650000000,   3.58400,
,,,00.000650400000,   3.58400,
,,,00.000650800000,   3.58400,
,,,00.000651200000,   3.58400,
,,,00.000651600000,   3.58400,
,,,00.000652000000,   3.58400,
,,,00.000652400000,   3.58400,
,,,00.000652800000,   3.58400,
,,,00.000653200000,   3.58400,
,,,00.000653600000,   3.58400,
,,,00.000654000000,   3.58400,
,,,00.000654400000,   3.58400,
,,,00.000654800000,   3.58400,
,,,00.000655200000,   3.58400,
,,,00.000655600000,   3.58400,
,,,00.000656000000,   3.58400,
,,,00.000656400000,   3.58400,
,,,00.000656800000,   3.58400,
,,,00.000657200000,   3.58400,
,,,00.000657600000,   3.58400,
,,,00.000658000000,   3.58400,
,,,00.000658400000,   3.58400,
,,,00.000658800000,   3.58400,
,,,00.000659200000,   3.58400,
,,,00.000659600000,   3.58400,
,,,00.000660000000,   3.58400,
,,,00.000660400000,   3.58400,
,,,00.000660800000,   3.64800,
,,,00.000661200000,   3.64800,
,,,00.000661600000,   3.64800,
,,,00.000662000000,   3.64800,
,,,00.000662400000,   3.64800,
,,,00.000662800000,   3.64800,
,,,00.000663200000,   3.64800,
,,,00.000663600000,   3.64800,
,,,00.000664000000,   3.64800,
,,,00.000664400000,   3.64800,
,,,00.000664800000,   3.64800,
,,,00.000665200000,   3.64800,
,,,00.000665600000,   3.64800,
,,,00.000666000000,   3.64800,
,,,00.000666400000,   3.64800,
,,,00.000666800000,   3.64800,
,,,00.000667200000,   3.64800,
,,,00.000667600000,   3.64800,
,,,00.000668000000,   3.64800,
,,,00.000668400000,   3.64800,
,,,00.000668800000,   3.64800,
,,,00.000669200000,   3.64800,
,,,00.000669600000,   3.64800,
,,,00.000670000000,   3.64800,
,,,00.000670400000,   3.64800,
,,,00.000670800000,   3.64800,
,,,00.000671200000,   3.64800,
,,,00.000671600000,   3.64800,
,,,00.000672000000,   3.64800,
,,,00.000672400000,   3.64800,
,,,00.000672800000,   3.64800,
,,,00.000673200000,   3.64800,
,,,00.000673600000,   3.64800,
,,,00.000674000000,   3.71200,
,,,00.000674400000,   3.71200,
,,,00.000674800000,   3.71200,
,,,00.000675200000,   3.64800,
,,,00.000675600000,   3.64800,
,,,00.000676000000,   3.71200,
,,,00.000676400000,   3.71200,
,,,00.000676800000,   3.71200,
,,,00.000677200000,   3.71200,
,,,00.000677600000,   3.71200,
,,,00.000678000000,   3.71200,
,,,00.000678400000,   3.71200,
,,,00.000678800000,   3.71200,
,,,00.000679200000,   3.71200,
,,,00.000679600000,   3.71200,
,,,00.000680000000,   3.71200,
,,,00.000680400000,   3.71200,
,,,00.000680800000,   3.71200,
,,,00.000681200000,   3.71200,
,,,00.000681600000,   3.71200,
,,,00.000682000000,   3.71200,
,,,00.000682400000,   3.71200,
,,,00.000682800000,   3.71200,
,,,00.000683200000,   3.71200,
,,,00.000683600000,   3.71200,
,,,00.000684000000,   3.71200,
,,,00.000684400000,   3.71200,
,,,00.000684800000,   3.71200,
,,,00.000685200000,   3.71200,
,,,00.000685600000,   3.71200,
,,,00.000686000000,   3.71200,
,,,00.000686400000,   3.71200,
,,,00.000686800000,   3.71200,
,,,00.000687200000,   3.71200,
,,,00.000687600000,   3.71200,
,,,00.000688000000,   3.71200,
,,,00.000688400000,   3.71200,
,,,00.000688800000,   3.71200,
,,,00.000689200000,   3.71200,
,,,00.000689600000,   3.71200,
,,,00.000690000000,   3.71200,
,,,00.000690400000,   3.71200,
,,,00.000690800000,   3.77600,
,,,00.000691200000,   3.77600,
,,,00.000691600000,   3.77600,
,,,00.000692000000,   3.77600,
,,,00.000692400000,   3.77600,
,,,00.000692800000,   3.77600,
,,,00.000693200000,   3.77600,
,,,00.000693600000,   3.77600,
,,,00.000694000000,   3.77600,
,,,00.000694400000,   3.77600,
,,,00.000694800000,   3.77600,
,,,00.000695200000,   3.77600,
,,,00.000695600000,   3.77600,
,,,00.000696000000,   3.77600,
,,,00.000696400000,   3.77600,
,,,00.000696800000,   3.77600,
,,,00.000697200000,   3.77600,
,,,00.000697600000,   3.77600,
,,,00.000698000000,   3.77600,
,,,00.000698400000,   3.77600,
,,,00.000698800000,   3.77600,
,,,00.000699200000,   3.77600,
,,,00.000699600000,   3.77600,
,,,00.000700000000,   3.77600,
,,,00.000700400000,   3.77600,
,,,00.000700800000,   3.77600,
,,,00.000701200000,   3.77600,
,,,00.000701600000,   3.77600,
,,,00.000702000000,   3.77600,
,,,00.000702400000,   3.77600,
,,,00.000702800000,   3.77600,
,,,00.000703200000,   3.77600,
,,,00.000703600000,   3.77600,
,,,00.000704000000,   3.77600,
,,,00.000704400000,   3.77600,
,,,00.000704800000,   3.77600,
,,,00.000705200000,   3.77600,
,,,00.000705600000,   3.77600,
,,,00.000706000000,   3.77600,
,,,00.000706400000,   3.77600,
,,,00.000706800000,   3.77600,
,,,00.000707200000,   3.77600,
,,,00.000707600000,   3.77600,
,,,00.000708000000,   3.77600,
,,,00.000708400000,   3.84000,
,,,00.000708800000,   3.77600,
,,,00.000709200000,   3.77600,
,,,00.000709600000,   3.77600,
,,,00.000710000000,   3.77600,
,,,00.000710400000,   3.77600,
,,,00.000710800000,   3.84000,
,,,00.000711200000,   3.84000,
,,,00.000711600000,   3.84000,
,,,00.000712000000,   3.84000,
,,,00.000712400000,   3.84000,
,,,00.000712800000,   3.84000,
,,,00.000713200000,   3.84000,
,,,00.000713600000,   3.84000,
,,,00.000714000000,   3.84000,
,,,00.000714400000,   3.84000,
,,,00.000714800000,   3.84000,
,,,00.000715200000,   3.84000,
,,,00.000715600000,   3.84000,
,,,00.000716000000,   3.84000,
,,,00.000716400000,   3.84000,
,,,00.000716800000,   3.84000,
,,,00.000717200000,   3.84000,
,,,00.000717600000,   3.84000,
,,,00.000718000000,   3.84000,
,,,00.000718400000,   3.84000,
,,,00.000718800000,   3.84000,
,,,00.000719200000,   3.84000,
,,,00.000719600000,   3.84000,
,,,00.000720000000,   3.84000,
,,,00.000720400000,   3.84000,
,,,00.000720800000,   3.84000,
,,,00.000721200000,   3.84000,
,,,00.000721600000,   3.84000,
,,,00.000722000000,   3.84000,
,,,00.000722400000,   3.84000,
,,,00.000722800000,   3.84000,
,,,00.000723200000,   3.84000,
,,,00.000723600000,   3.84000,
,,,00.000724000000,   3.84000,
,,,00.000724400000,   3.84000,
,,,00.000724800000,   3.84000,
,,,00.000725200000,   3.84000,
,,,00.000725600000,   3.84000,
,,,00.000726000000,   3.84000,
,,,00.000726400000,   3.84000,
,,,00.000726800000,   3.84000,
,,,00.000727200000,   3.84000,
,,,00.000727600000,   3.84000,
,,,00.000728000000,   3.84000,
,,,00.000728400000,   3.84000,
,,,00.000728800000,   3.84000,
,,,00.000729200000,   3.84000,
,,,00.000729600000,   3.84000,
,,,00.000730000000,   3.84000,
,,,00.000730400000,   3.84000,
,,,00.000730800000,   3.84000,
,,,00.000731200000,   3.84000,
,,,00.000731600000,   3.84000,
,,,00.000732000000,   3.84000,
,,,00.000732400000,   3.84000,
,,,00.000732800000,   3.84000,
,,,00.000733200000,   3.84000,
,,,00.000733600000,   3.84000,
,,,00.000734000000,   3.84000,
,,,00.000734400000,   3.84000,
,,,00.000734800000,   3.84000,
,,,00.000735200000,   3.84000,
,,,00.000735600000,   3.84000,
,,,00.000736000000,   3.84000,
,,,00.000736400000,   3.84000,
,,,00.000736800000,   3.90400,
,,,00.000737200000,   3.90400,
,,,00.000737600000,   3.84000,
,,,00.000738000000,   3.90400,
,,,00.000738400000,   3.90400,
,,,00.000738800000,   3.90400,
,,,00.000739200000,   3.90400,
,,,00.000739600000,   3.90400,
,,,00.000740000000,   3.90400,
,,,00.000740400000,   3.84000,
,,,00.000740800000,   3.90400,
,,,00.000741200000,   3.90400,
,,,00.000741600000,   3.90400,
,,,00.000742000000,   3.90400,
,,,00.000742400000,   3.90400,
,,,00.000742800000,   3.90400,
,,,00.000743200000,   3.90400,
,,,00.000743600000,   3.90400,
,,,00.000744000000,   3.90400,
,,,00.000744400000,   3.90400,
,,,00.000744800000,   3.90400,
,,,00.000745200000,   3.90400,
,,,00.000745600000,   3.90400,
,,,00.000746000000,   3.90400,
,,,00.000746400000,   3.90400,
,,,00.000746800000,   3.90400,
,,,00.000747200000,   3.90400,
,,,00.000747600000,   3.90400,
,,,00.000748000000,   3.90400,
,,,00.000748400000,   3.90400,
,,,00.000748800000,   3.90400,
,,,00.000749200000,   3.90400,
,,,00.000749600000,   3.90400,
,,,00.000750000000,   3.90400,
,,,00.000750400000,   3.90400,
,,,00.000750800000,   3.90400,
,,,00.000751200000,   3.90400,
,,,00.000751600000,   3.90400,
,,,00.000752000000,   3.90400,
,,,00.000752400000,   3.90400,
,,,00.000752800000,   3.90400,
,,,00.000753200000,   3.90400,
,,,00.000753600000,   3.90400,
,,,00.000754000000,   3.90400,
,,,00.000754400000,   3.90400,
,,,00.000754800000,   3.90400,
,,,00.000755200000,   3.90400,
,,,00.000755600000,   3.90400,
,,,00.000756000000,   3.90400,
,,,00.000756400000,   3.90400,
,,,00.000756800000,   3.90400,
,,,00.000757200000,   3.90400,
,,,00.000757600000,   3.90400,
,,,00.000758000000,   3.90400,
,,,00.000758400000,   3.90400,
,,,00.000758800000,   3.90400,
,,,00.000759200000,   3.90400,
,,,00.000759600000,   3.90400,
,,,00.000760000000,   3.90400,
,,,00.000760400000,   3.90400,
,,,00.000760800000,   3.90400,
,,,00.000761200000,   3.90400,
,,,00.000761600000,   3.90400,
,,,00.000762000000,   3.90400,
,,,00.000762400000,   3.90400,
,,,00.000762800000,   3.90400,
,,,00.000763200000,   3.90400,
,,,00.000763600000,   3.90400,
,,,00.000764000000,   3.90400,
,,,00.000764400000,   3.90400,
,,,00.000764800000,   3.90400,
,,,00.000765200000,   3.90400,
,,,00.000765600000,   3.90400,
,,,00.000766000000,   3.90400,
,,,00.000766400000,   3.90400,
,,,00.000766800000,   3.90400,
,,,00.000767200000,   3.90400,
,,,00.000767600000,   3.90400,
,,,00.000768000000,   3.90400,
,,,00.000768400000,   3.90400,
,,,00.000768800000,   3.90400,
,,,00.000769200000,   3.90400,
,,,00.000769600000,   3.90400,
,,,00.000770000000,   3.90400,
,,,00.000770400000,   3.90400,
,,,00.000770800000,   3.90400,
,,,00.000771200000,   3.90400,
,,,00.000771600000,   3.90400,
,,,00.000772000000,   3.90400,
,,,00.000772400000,   3.90400,
,,,00.000772800000,   3.90400,
,,,00.000773200000,   3.90400,
,,,00.000773600000,   3.90400,
,,,00.000774000000,   3.90400,
,,,00.000774400000,   3.90400,
,,,00.000774800000,   3.90400,
,,,00.000775200000,   3.90400,
,,,00.000775600000,   3.90400,
,,,00.000776000000,   3.90400,
,,,00.000776400000,   3.90400,
,,,00.000776800000,   3.90400,
,,,00.000777200000,   3.90400,
,,,00.000777600000,   3.90400,
,,,00.000778000000,   3.90400,
,,,00.000778400000,   3.90400,
,,,00.000778800000,   3.90400,
,,,00.000779200000,   3.90400,
,,,00.000779600000,   3.90400,
,,,00.000780000000,   3.90400,
,,,00.000780400000,   3.90400,
,,,00.000780800000,   3.90400,
,,,00.000781200000,   3.90400,
,,,00.000781600000,   3.90400,
,,,00.000782000000,   3.90400,
,,,00.000782400000,   3.90400,
,,,00.000782800000,   3.96800,
,,,00.000783200000,   3.90400,
,,,00.000783600000,   3.90400,
,,,00.000784000000,   3.90400,
,,,00.000784400000,   3.96800,
,,,00.000784800000,   3.90400,
,,,00.000785200000,   3.96800,
,,,00.000785600000,   3.96800,
,,,00.000786000000,   3.90400,
,,,00.000786400000,   3.90400,
,,,00.000786800000,   3.96800,
,,,00.000787200000,   3.90400,
,,,00.000787600000,   3.90400,
,,,00.000788000000,   3.90400,
,,,00.000788400000,   3.90400,
,,,00.000788800000,   3.96800,
,,,00.000789200000,   3.96800,
,,,00.000789600000,   3.90400,
,,,00.000790000000,   3.96800,
,,,00.000790400000,   3.96800,
,,,00.000790800000,   3.96800,
,,,00.000791200000,   3.96800,
,,,00.000791600000,   3.96800,
,,,00.000792000000,   3.96800,
,,,00.000792400000,   3.96800,
,,,00.000792800000,   3.96800,
,,,00.000793200000,   3.96800,
,,,00.000793600000,   3.96800,
,,,00.000794000000,   3.96800,
,,,00.000794400000,   3.96800,
,,,00.000794800000,   3.96800,
,,,00.000795200000,   3.96800,
,,,00.000795600000,   3.96800,
,,,00.000796000000,   3.96800,
,,,00.000796400000,   3.96800,
,,,00.000796800000,   3.96800,
,,,00.000797200000,   3.96800,
,,,00.000797600000,   3.96800,
,,,00.000798000000,   3.96800,
,,,00.000798400000,   3.96800,
,,,00.000798800000,   3.96800,
,,,00.000799200000,   3.96800,
,,,00.000799600000,   3.96800,
,,,00.000800000000,   3.96800,
,,,00.000800400000,   3.96800,
,,,00.000800800000,   3.96800,
,,,00.000801200000,   3.96800,
,,,00.000801600000,   3.96800,
,,,00.000802000000,   3.96800,
,,,00.000802400000,   3.96800,
,,,00.000802800000,   3.96800,
,,,00.000803200000,   3.96800,
,,,00.000803600000,   3.96800,
,,,00.000804000000,   3.96800,
,,,00.000804400000,   3.96800,
,,,00.000804800000,   3.96800,
,,,00.000805200000,   3.96800,
,,,00.000805600000,   3.96800,
,,,00.000806000000,   3.96800,
,,,00.000806400000,   3.96800,
,,,00.000806800000,   3.96800,
,,,00.000807200000,   3.96800,
,,,00.000807600000,   3.96800,
,,,00.000808000000,   3.96800,
,,,00.000808400000,   3.96800,
,,,00.000808800000,   3.96800,
,,,00.000809200000,   3.96800,
,,,00.000809600000,   3.96800,
,,,00.000810000000,   3.96800,
,,,00.000810400000,   3.96800,
,,,00.000810800000,   3.96800,
,,,00.000811200000,   3.96800,
,,,00.000811600000,   3.96800,
,,,00.000812000000,   3.96800,
,,,00.000812400000,   3.96800,
,,,00.000812800000,   3.96800,
,,,00.000813200000,   3.96800,
,,,00.000813600000,   3.96800,
,,,00.000814000000,   3.96800,
,,,00.000814400000,   3.96800,
,,,00.000814800000,   3.96800,
,,,00.000815200000,   3.96800,
,,,00.000815600000,   3.96800,
,,,00.000816000000,   3.96800,
,,,00.000816400000,   3.96800,
,,,00.000816800000,   3.96800,
,,,00.000817200000,   3.96800,
,,,00.000817600000,   3.96800,
,,,00.000818000000,   3.96800,
,,,00.000818400000,   3.96800,
,,,00.000818800000,   3.96800,
,,,00.000819200000,   3.96800,
,,,00.000819600000,   3.96800,
,,,00.000820000000,   3.96800,
,,,00.000820400000,   3.96800,
,,,00.000820800000,   3.96800,
,,,00.000821200000,   3.96800,
,,,00.000821600000,   3.96800,
,,,00.000822000000,   3.96800,
,,,00.000822400000,   3.96800,
,,,00.000822800000,   3.96800,
,,,00.000823200000,   3.96800,
,,,00.000823600000,   3.96800,
,,,00.000824000000,   3.96800,
,,,00.000824400000,   3.96800,
,,,00.000824800000,   3.96800,
,,,00.000825200000,   3.96800,
,,,00.000825600000,   3.96800,
,,,00.000826000000,   3.96800,
,,,00.000826400000,   3.96800,
,,,00.000826800000,   3.96800,
,,,00.000827200000,   3.96800,
,,,00.000827600000,   3.96800,
,,,00.000828000000,   3.96800,
,,,00.000828400000,   3.96800,
,,,00.000828800000,   3.96800,
,,,00.000829200000,   3.96800,
,,,00.000829600000,   3.96800,
,,,00.000830000000,   3.96800,
,,,00.000830400000,   3.96800,
,,,00.000830800000,   3.96800,
,,,00.000831200000,   3.96800,
,,,00.000831600000,   3.96800,
,,,00.000832000000,   3.96800,
,,,00.000832400000,   3.96800,
,,,00.000832800000,   3.96800,
,,,00.000833200000,   3.96800,
,,,00.000833600000,   3.96800,
,,,00.000834000000,   3.96800,
,,,00.000834400000,   3.96800,
,,,00.000834800000,   3.96800,
,,,00.000835200000,   3.96800,
,,,00.000835600000,   3.96800,
,,,00.000836000000,   3.96800,
,,,00.000836400000,   3.96800,
,,,00.000836800000,   3.96800,
,,,00.000837200000,   3.96800,
,,,00.000837600000,   3.96800,
,,,00.000838000000,   3.96800,
,,,00.000838400000,   3.96800,
,,,00.000838800000,   3.96800,
,,,00.000839200000,   3.96800,
,,,00.000839600000,   3.96800,
,,,00.000840000000,   3.96800,
,,,00.000840400000,   3.96800,
,,,00.000840800000,   3.96800,
,,,00.000841200000,   3.96800,
,,,00.000841600000,   3.96800,
,,,00.000842000000,   3.96800,
,,,00.000842400000,   3.96800,
,,,00.000842800000,   3.96800,
,,,00.000843200000,   3.96800,
,,,00.000843600000,   3.96800,
,,,00.000844000000,   3.96800,
,,,00.000844400000,   3.96800,
,,,00.000844800000,   3.96800,
,,,00.000845200000,   3.96800,
,,,00.000845600000,   3.96800,
,,,00.000846000000,   3.96800,
,,,00.000846400000,   3.96800,
,,,00.000846800000,   3.96800,
,,,00.000847200000,   3.96800,
,,,00.000847600000,   3.96800,
,,,00.000848000000,   3.96800,
,,,00.000848400000,   3.96800,
,,,00.000848800000,   3.96800,
,,,00.000849200000,   3.96800,
,,,00.000849600000,   3.96800,
,,,00.000850000000,   3.96800,
,,,00.000850400000,   3.96800,
,,,00.000850800000,   3.96800,
,,,00.000851200000,   3.96800,
,,,00.000851600000,   3.96800,
,,,00.000852000000,   3.96800,
,,,00.000852400000,   3.96800,
,,,00.000852800000,   3.96800,
,,,00.000853200000,   3.96800,
,,,00.000853600000,   3.96800,
,,,00.000854000000,   3.96800,
,,,00.000854400000,   3.96800,
,,,00.000854800000,   3.96800,
,,,00.000855200000,   3.96800,
,,,00.000855600000,   3.96800,
,,,00.000856000000,   3.96800,
,,,00.000856400000,   3.96800,
,,,00.000856800000,   3.96800,
,,,00.000857200000,   3.96800,
,,,00.000857600000,   3.96800,
,,,00.000858000000,   3.96800,
,,,00.000858400000,   3.96800,
,,,00.000858800000,   3.96800,
,,,00.000859200000,   3.96800,
,,,00.000859600000,   3.96800,
,,,00.000860000000,   3.96800,
,,,00.000860400000,   3.96800,
,,,00.000860800000,   3.96800,
,,,00.000861200000,   3.96800,
,,,00.000861600000,   3.96800,
,,,00.000862000000,   3.96800,
,,,00.000862400000,   3.96800,
,,,00.000862800000,   3.96800,
,,,00.000863200000,   3.96800,
,,,00.000863600000,   3.96800,
