Record Length,2.500000e+03,,  -0.000005100000,   1.04000,
Sample Interval,1.000000e-08,,  -0.000005090000,   1.04000,
Trigger Point,5.100000000000e+02,,  -0.000005080000,   1.04000,
,,,  -0.000005070000,   1.04000,
,,,  -0.000005060000,   0.96000,
,,,  -0.000005050000,   0.96000,
Source,CH2,,  -0.000005040000,   0.96000,
Vertical Units,V,,  -0.000005030000,   0.96000,
Vertical Scale,2.000000e+00,,  -0.000005020000,   0.88000,
Vertical Offset,0.000000e+00,,  -0.000005010000,   0.88000,
Horizontal Units,s,,  -0.000005000000,   0.80000,
Horizontal Scale,2.500000e-06,,  -0.000004990000,   0.80000,
Pt Fmt,Y,,  -0.000004980000,   0.80000,
Yzero,0.000000e+00,,  -0.000004970000,   0.80000,
Probe Atten,1.000000e+01,,  -0.000004960000,   0.72000,
Model Number,TDS2012C,,  -0.000004950000,   0.72000,
Serial Number,C050125,,  -0.000004940000,   0.64000,
Firmware Version,FV:v24.26,,  -0.000004930000,   0.64000,
,,,-00.000004920000,   0.64000,
,,,-00.000004910000,   0.56000,
,,,-00.000004900000,   0.56000,
,,,-00.000004890000,   0.56000,
,,,-00.000004880000,   0.56000,
,,,-00.000004870000,   0.48000,
,,,-00.000004860000,   0.48000,
,,,-00.000004850000,   0.40000,
,,,-00.000004840000,   0.40000,
,,,-00.000004830000,   0.40000,
,,,-00.000004820000,   0.40000,
,,,-00.000004810000,   0.32000,
,,,-00.000004800000,   0.32000,
,,,-00.000004790000,   0.24000,
,,,-00.000004780000,   0.24000,
,,,-00.000004770000,   0.24000,
,,,-00.000004760000,   0.24000,
,,,-00.000004750000,   0.16000,
,,,-00.000004740000,   0.16000,
,,,-00.000004730000,   0.08000,
,,,-00.000004720000,   0.08000,
,,,-00.000004710000,   0.08000,
,,,-00.000004700000,   0.00000,
,,,-00.000004690000,   0.00000,
,,,-00.000004680000,   0.00000,
,,,-00.000004670000,   0.00000,
,,,-00.000004660000,  -0.08000,
,,,-00.000004650000,  -0.08000,
,,,-00.000004640000,  -0.16000,
,,,-00.000004630000,  -0.16000,
,,,-00.000004620000,  -0.16000,
,,,-00.000004610000,  -0.24000,
,,,-00.000004600000,  -0.24000,
,,,-00.000004590000,  -0.24000,
,,,-00.000004580000,  -0.24000,
,,,-00.000004570000,  -0.32000,
,,,-00.000004560000,  -0.32000,
,,,-00.000004550000,  -0.32000,
,,,-00.000004540000,  -0.40000,
,,,-00.000004530000,  -0.40000,
,,,-00.000004520000,  -0.48000,
,,,-00.000004510000,  -0.48000,
,,,-00.000004500000,  -0.48000,
,,,-00.000004490000,  -0.56000,
,,,-00.000004480000,  -0.56000,
,,,-00.000004470000,  -0.56000,
,,,-00.000004460000,  -0.56000,
,,,-00.000004450000,  -0.64000,
,,,-00.000004440000,  -0.64000,
,,,-00.000004430000,  -0.64000,
,,,-00.000004420000,  -0.72000,
,,,-00.000004410000,  -0.72000,
,,,-00.000004400000,  -0.72000,
,,,-00.000004390000,  -0.80000,
,,,-00.000004380000,  -0.80000,
,,,-00.000004370000,  -0.80000,
,,,-00.000004360000,  -0.88000,
,,,-00.000004350000,  -0.88000,
,,,-00.000004340000,  -0.88000,
,,,-00.000004330000,  -0.96000,
,,,-00.000004320000,  -0.96000,
,,,-00.000004310000,  -0.96000,
,,,-00.000004300000,  -0.96000,
,,,-00.000004290000,  -1.04000,
,,,-00.000004280000,  -1.04000,
,,,-00.000004270000,  -1.04000,
,,,-00.000004260000,  -1.12000,
,,,-00.000004250000,  -1.12000,
,,,-00.000004240000,  -1.12000,
,,,-00.000004230000,  -1.20000,
,,,-00.000004220000,  -1.20000,
,,,-00.000004210000,  -1.20000,
,,,-00.000004200000,  -1.28000,
,,,-00.000004190000,  -1.28000,
,,,-00.000004180000,  -1.28000,
,,,-00.000004170000,  -1.36000,
,,,-00.000004160000,  -1.36000,
,,,-00.000004150000,  -1.36000,
,,,-00.000004140000,  -1.44000,
,,,-00.000004130000,  -1.44000,
,,,-00.000004120000,  -1.44000,
,,,-00.000004110000,  -1.52000,
,,,-00.000004100000,  -1.52000,
,,,-00.000004090000,  -1.52000,
,,,-00.000004080000,  -1.52000,
,,,-00.000004070000,  -1.60000,
,,,-00.000004060000,  -1.60000,
,,,-00.000004050000,  -1.60000,
,,,-00.000004040000,  -1.60000,
,,,-00.000004030000,  -1.68000,
,,,-00.000004020000,  -1.68000,
,,,-00.000004010000,  -1.76000,
,,,-00.000004000000,  -1.76000,
,,,-00.000003990000,  -1.76000,
,,,-00.000003980000,  -1.76000,
,,,-00.000003970000,  -1.84000,
,,,-00.000003960000,  -1.84000,
,,,-00.000003950000,  -1.84000,
,,,-00.000003940000,  -1.92000,
,,,-00.000003930000,  -1.92000,
,,,-00.000003920000,  -1.92000,
,,,-00.000003910000,  -1.92000,
,,,-00.000003900000,  -2.00000,
,,,-00.000003890000,  -2.00000,
,,,-00.000003880000,  -2.00000,
,,,-00.000003870000,  -2.08000,
,,,-00.000003860000,  -2.08000,
,,,-00.000003850000,  -2.08000,
,,,-00.000003840000,  -2.08000,
,,,-00.000003830000,  -2.16000,
,,,-00.000003820000,  -2.16000,
,,,-00.000003810000,  -2.16000,
,,,-00.000003800000,  -2.24000,
,,,-00.000003790000,  -2.16000,
,,,-00.000003780000,  -2.24000,
,,,-00.000003770000,  -2.24000,
,,,-00.000003760000,  -2.32000,
,,,-00.000003750000,  -2.32000,
,,,-00.000003740000,  -2.32000,
,,,-00.000003730000,  -2.32000,
,,,-00.000003720000,  -2.40000,
,,,-00.000003710000,  -2.40000,
,,,-00.000003700000,  -2.40000,
,,,-00.000003690000,  -2.40000,
,,,-00.000003680000,  -2.40000,
,,,-00.000003670000,  -2.48000,
,,,-00.000003660000,  -2.48000,
,,,-00.000003650000,  -2.48000,
,,,-00.000003640000,  -2.56000,
,,,-00.000003630000,  -2.56000,
,,,-00.000003620000,  -2.56000,
,,,-00.000003610000,  -2.56000,
,,,-00.000003600000,  -2.64000,
,,,-00.000003590000,  -2.64000,
,,,-00.000003580000,  -2.64000,
,,,-00.000003570000,  -2.64000,
,,,-00.000003560000,  -2.64000,
,,,-00.000003550000,  -2.72000,
,,,-00.000003540000,  -2.72000,
,,,-00.000003530000,  -2.72000,
,,,-00.000003520000,  -2.80000,
,,,-00.000003510000,  -2.80000,
,,,-00.000003500000,  -2.80000,
,,,-00.000003490000,  -2.80000,
,,,-00.000003480000,  -2.88000,
,,,-00.000003470000,  -2.80000,
,,,-00.000003460000,  -2.88000,
,,,-00.000003450000,  -2.88000,
,,,-00.000003440000,  -2.88000,
,,,-00.000003430000,  -2.96000,
,,,-00.000003420000,  -2.96000,
,,,-00.000003410000,  -2.96000,
,,,-00.000003400000,  -2.96000,
,,,-00.000003390000,  -2.96000,
,,,-00.000003380000,  -2.96000,
,,,-00.000003370000,  -3.04000,
,,,-00.000003360000,  -3.04000,
,,,-00.000003350000,  -3.04000,
,,,-00.000003340000,  -3.04000,
,,,-00.000003330000,  -3.04000,
,,,-00.000003320000,  -3.12000,
,,,-00.000003310000,  -3.12000,
,,,-00.000003300000,  -3.12000,
,,,-00.000003290000,  -3.12000,
,,,-00.000003280000,  -3.12000,
,,,-00.000003270000,  -3.20000,
,,,-00.000003260000,  -3.20000,
,,,-00.000003250000,  -3.20000,
,,,-00.000003240000,  -3.20000,
,,,-00.000003230000,  -3.20000,
,,,-00.000003220000,  -3.20000,
,,,-00.000003210000,  -3.20000,
,,,-00.000003200000,  -3.28000,
,,,-00.000003190000,  -3.28000,
,,,-00.000003180000,  -3.28000,
,,,-00.000003170000,  -3.28000,
,,,-00.000003160000,  -3.28000,
,,,-00.000003150000,  -3.36000,
,,,-00.000003140000,  -3.36000,
,,,-00.000003130000,  -3.36000,
,,,-00.000003120000,  -3.36000,
,,,-00.000003110000,  -3.36000,
,,,-00.000003100000,  -3.36000,
,,,-00.000003090000,  -3.36000,
,,,-00.000003080000,  -3.44000,
,,,-00.000003070000,  -3.44000,
,,,-00.000003060000,  -3.44000,
,,,-00.000003050000,  -3.44000,
,,,-00.000003040000,  -3.44000,
,,,-00.000003030000,  -3.44000,
,,,-00.000003020000,  -3.52000,
,,,-00.000003010000,  -3.44000,
,,,-00.000003000000,  -3.52000,
,,,-00.000002990000,  -3.52000,
,,,-00.000002980000,  -3.52000,
,,,-00.000002970000,  -3.52000,
,,,-00.000002960000,  -3.52000,
,,,-00.000002950000,  -3.52000,
,,,-00.000002940000,  -3.52000,
,,,-00.000002930000,  -3.52000,
,,,-00.000002920000,  -3.60000,
,,,-00.000002910000,  -3.60000,
,,,-00.000002900000,  -3.60000,
,,,-00.000002890000,  -3.60000,
,,,-00.000002880000,  -3.60000,
,,,-00.000002870000,  -3.60000,
,,,-00.000002860000,  -3.60000,
,,,-00.000002850000,  -3.60000,
,,,-00.000002840000,  -3.68000,
,,,-00.000002830000,  -3.60000,
,,,-00.000002820000,  -3.68000,
,,,-00.000002810000,  -3.68000,
,,,-00.000002800000,  -3.68000,
,,,-00.000002790000,  -3.68000,
,,,-00.000002780000,  -3.68000,
,,,-00.000002770000,  -3.68000,
,,,-00.000002760000,  -3.68000,
,,,-00.000002750000,  -3.68000,
,,,-00.000002740000,  -3.68000,
,,,-00.000002730000,  -3.68000,
,,,-00.000002720000,  -3.68000,
,,,-00.000002710000,  -3.68000,
,,,-00.000002700000,  -3.68000,
,,,-00.000002690000,  -3.68000,
,,,-00.000002680000,  -3.76000,
,,,-00.000002670000,  -3.76000,
,,,-00.000002660000,  -3.68000,
,,,-00.000002650000,  -3.76000,
,,,-00.000002640000,  -3.76000,
,,,-00.000002630000,  -3.76000,
,,,-00.000002620000,  -3.76000,
,,,-00.000002610000,  -3.76000,
,,,-00.000002600000,  -3.76000,
,,,-00.000002590000,  -3.76000,
,,,-00.000002580000,  -3.76000,
,,,-00.000002570000,  -3.76000,
,,,-00.000002560000,  -3.76000,
,,,-00.000002550000,  -3.76000,
,,,-00.000002540000,  -3.76000,
,,,-00.000002530000,  -3.76000,
,,,-00.000002520000,  -3.76000,
,,,-00.000002510000,  -3.76000,
,,,-00.000002500000,  -3.76000,
,,,-00.000002490000,  -3.76000,
,,,-00.000002480000,  -3.76000,
,,,-00.000002470000,  -3.76000,
,,,-00.000002460000,  -3.76000,
,,,-00.000002450000,  -3.76000,
,,,-00.000002440000,  -3.76000,
,,,-00.000002430000,  -3.76000,
,,,-00.000002420000,  -3.76000,
,,,-00.000002410000,  -3.76000,
,,,-00.000002400000,  -3.76000,
,,,-00.000002390000,  -3.76000,
,,,-00.000002380000,  -3.76000,
,,,-00.000002370000,  -3.76000,
,,,-00.000002360000,  -3.76000,
,,,-00.000002350000,  -3.76000,
,,,-00.000002340000,  -3.76000,
,,,-00.000002330000,  -3.76000,
,,,-00.000002320000,  -3.76000,
,,,-00.000002310000,  -3.76000,
,,,-00.000002300000,  -3.76000,
,,,-00.000002290000,  -3.76000,
,,,-00.000002280000,  -3.76000,
,,,-00.000002270000,  -3.76000,
,,,-00.000002260000,  -3.76000,
,,,-00.000002250000,  -3.76000,
,,,-00.000002240000,  -3.76000,
,,,-00.000002230000,  -3.76000,
,,,-00.000002220000,  -3.76000,
,,,-00.000002210000,  -3.76000,
,,,-00.000002200000,  -3.76000,
,,,-00.000002190000,  -3.76000,
,,,-00.000002180000,  -3.76000,
,,,-00.000002170000,  -3.76000,
,,,-00.000002160000,  -3.68000,
,,,-00.000002150000,  -3.76000,
,,,-00.000002140000,  -3.76000,
,,,-00.000002130000,  -3.76000,
,,,-00.000002120000,  -3.68000,
,,,-00.000002110000,  -3.68000,
,,,-00.000002100000,  -3.68000,
,,,-00.000002090000,  -3.68000,
,,,-00.000002080000,  -3.68000,
,,,-00.000002070000,  -3.68000,
,,,-00.000002060000,  -3.68000,
,,,-00.000002050000,  -3.68000,
,,,-00.000002040000,  -3.68000,
,,,-00.000002030000,  -3.68000,
,,,-00.000002020000,  -3.60000,
,,,-00.000002010000,  -3.60000,
,,,-00.000002000000,  -3.60000,
,,,-00.000001990000,  -3.60000,
,,,-00.000001980000,  -3.60000,
,,,-00.000001970000,  -3.60000,
,,,-00.000001960000,  -3.60000,
,,,-00.000001950000,  -3.60000,
,,,-00.000001940000,  -3.60000,
,,,-00.000001930000,  -3.60000,
,,,-00.000001920000,  -3.52000,
,,,-00.000001910000,  -3.52000,
,,,-00.000001900000,  -3.52000,
,,,-00.000001890000,  -3.52000,
,,,-00.000001880000,  -3.52000,
,,,-00.000001870000,  -3.52000,
,,,-00.000001860000,  -3.52000,
,,,-00.000001850000,  -3.52000,
,,,-00.000001840000,  -3.44000,
,,,-00.000001830000,  -3.44000,
,,,-00.000001820000,  -3.44000,
,,,-00.000001810000,  -3.44000,
,,,-00.000001800000,  -3.44000,
,,,-00.000001790000,  -3.44000,
,,,-00.000001780000,  -3.44000,
,,,-00.000001770000,  -3.44000,
,,,-00.000001760000,  -3.44000,
,,,-00.000001750000,  -3.36000,
,,,-00.000001740000,  -3.36000,
,,,-00.000001730000,  -3.36000,
,,,-00.000001720000,  -3.36000,
,,,-00.000001710000,  -3.36000,
,,,-00.000001700000,  -3.28000,
,,,-00.000001690000,  -3.36000,
,,,-00.000001680000,  -3.28000,
,,,-00.000001670000,  -3.28000,
,,,-00.000001660000,  -3.28000,
,,,-00.000001650000,  -3.28000,
,,,-00.000001640000,  -3.28000,
,,,-00.000001630000,  -3.20000,
,,,-00.000001620000,  -3.20000,
,,,-00.000001610000,  -3.20000,
,,,-00.000001600000,  -3.20000,
,,,-00.000001590000,  -3.20000,
,,,-00.000001580000,  -3.20000,
,,,-00.000001570000,  -3.12000,
,,,-00.000001560000,  -3.12000,
,,,-00.000001550000,  -3.12000,
,,,-00.000001540000,  -3.12000,
,,,-00.000001530000,  -3.04000,
,,,-00.000001520000,  -3.04000,
,,,-00.000001510000,  -3.04000,
,,,-00.000001500000,  -3.04000,
,,,-00.000001490000,  -3.04000,
,,,-00.000001480000,  -3.04000,
,,,-00.000001470000,  -2.96000,
,,,-00.000001460000,  -2.96000,
,,,-00.000001450000,  -2.96000,
,,,-00.000001440000,  -2.96000,
,,,-00.000001430000,  -2.96000,
,,,-00.000001420000,  -2.88000,
,,,-00.000001410000,  -2.88000,
,,,-00.000001400000,  -2.88000,
,,,-00.000001390000,  -2.88000,
,,,-00.000001380000,  -2.88000,
,,,-00.000001370000,  -2.88000,
,,,-00.000001360000,  -2.80000,
,,,-00.000001350000,  -2.80000,
,,,-00.000001340000,  -2.80000,
,,,-00.000001330000,  -2.72000,
,,,-00.000001320000,  -2.72000,
,,,-00.000001310000,  -2.72000,
,,,-00.000001300000,  -2.72000,
,,,-00.000001290000,  -2.64000,
,,,-00.000001280000,  -2.64000,
,,,-00.000001270000,  -2.64000,
,,,-00.000001260000,  -2.64000,
,,,-00.000001250000,  -2.64000,
,,,-00.000001240000,  -2.56000,
,,,-00.000001230000,  -2.56000,
,,,-00.000001220000,  -2.56000,
,,,-00.000001210000,  -2.56000,
,,,-00.000001200000,  -2.48000,
,,,-00.000001190000,  -2.48000,
,,,-00.000001180000,  -2.48000,
,,,-00.000001170000,  -2.40000,
,,,-00.000001160000,  -2.40000,
,,,-00.000001150000,  -2.40000,
,,,-00.000001140000,  -2.40000,
,,,-00.000001130000,  -2.40000,
,,,-00.000001120000,  -2.32000,
,,,-00.000001110000,  -2.32000,
,,,-00.000001100000,  -2.32000,
,,,-00.000001090000,  -2.32000,
,,,-00.000001080000,  -2.24000,
,,,-00.000001070000,  -2.24000,
,,,-00.000001060000,  -2.16000,
,,,-00.000001050000,  -2.16000,
,,,-00.000001040000,  -2.16000,
,,,-00.000001030000,  -2.16000,
,,,-00.000001020000,  -2.16000,
,,,-00.000001010000,  -2.08000,
,,,-00.000001000000,  -2.08000,
,,,-00.000000990000,  -2.08000,
,,,-00.000000980000,  -2.00000,
,,,-00.000000970000,  -2.00000,
,,,-00.000000960000,  -2.00000,
,,,-00.000000950000,  -2.00000,
,,,-00.000000940000,  -1.92000,
,,,-00.000000930000,  -1.92000,
,,,-00.000000920000,  -1.92000,
,,,-00.000000910000,  -1.84000,
,,,-00.000000900000,  -1.84000,
,,,-00.000000890000,  -1.84000,
,,,-00.000000880000,  -1.84000,
,,,-00.000000870000,  -1.76000,
,,,-00.000000860000,  -1.76000,
,,,-00.000000850000,  -1.76000,
,,,-00.000000840000,  -1.68000,
,,,-00.000000830000,  -1.68000,
,,,-00.000000820000,  -1.68000,
,,,-00.000000810000,  -1.68000,
,,,-00.000000800000,  -1.60000,
,,,-00.000000790000,  -1.60000,
,,,-00.000000780000,  -1.60000,
,,,-00.000000770000,  -1.52000,
,,,-00.000000760000,  -1.52000,
,,,-00.000000750000,  -1.52000,
,,,-00.000000740000,  -1.44000,
,,,-00.000000730000,  -1.44000,
,,,-00.000000720000,  -1.44000,
,,,-00.000000710000,  -1.36000,
,,,-00.000000700000,  -1.36000,
,,,-00.000000690000,  -1.36000,
,,,-00.000000680000,  -1.28000,
,,,-00.000000670000,  -1.28000,
,,,-00.000000660000,  -1.28000,
,,,-00.000000650000,  -1.28000,
,,,-00.000000640000,  -1.20000,
,,,-00.000000630000,  -1.20000,
,,,-00.000000620000,  -1.20000,
,,,-00.000000610000,  -1.12000,
,,,-00.000000600000,  -1.12000,
,,,-00.000000590000,  -1.04000,
,,,-00.000000580000,  -1.04000,
,,,-00.000000570000,  -1.04000,
,,,-00.000000560000,  -1.04000,
,,,-00.000000550000,  -0.96000,
,,,-00.000000540000,  -0.96000,
,,,-00.000000530000,  -0.96000,
,,,-00.000000520000,  -0.96000,
,,,-00.000000510000,  -0.88000,
,,,-00.000000500000,  -0.88000,
,,,-00.000000490000,  -0.88000,
,,,-00.000000480000,  -0.80000,
,,,-00.000000470000,  -0.80000,
,,,-00.000000460000,  -0.72000,
,,,-00.000000450000,  -0.72000,
,,,-00.000000440000,  -0.72000,
,,,-00.000000430000,  -0.72000,
,,,-00.000000420000,  -0.64000,
,,,-00.000000410000,  -0.64000,
,,,-00.000000400000,  -0.64000,
,,,-00.000000390000,  -0.56000,
,,,-00.000000380000,  -0.56000,
,,,-00.000000370000,  -0.56000,
,,,-00.000000360000,  -0.48000,
,,,-00.000000350000,  -0.48000,
,,,-00.000000340000,  -0.40000,
,,,-00.000000330000,  -0.40000,
,,,-00.000000320000,  -0.40000,
,,,-00.000000310000,  -0.32000,
,,,-00.000000300000,  -0.32000,
,,,-00.000000290000,  -0.32000,
,,,-00.000000280000,  -0.32000,
,,,-00.000000270000,  -0.24000,
,,,-00.000000260000,  -0.24000,
,,,-00.000000250000,  -0.24000,
,,,-00.000000240000,  -0.16000,
,,,-00.000000230000,  -0.16000,
,,,-00.000000220000,  -0.16000,
,,,-00.000000210000,  -0.16000,
,,,-00.000000200000,  -0.08000,
,,,-00.000000190000,  -0.08000,
,,,-00.000000180000,   0.00000,
,,,-00.000000170000,   0.00000,
,,,-00.000000160000,   0.00000,
,,,-00.000000150000,   0.08000,
,,,-00.000000140000,   0.08000,
,,,-00.000000130000,   0.08000,
,,,-00.000000120000,   0.16000,
,,,-00.000000110000,   0.16000,
,,,-00.000000100000,   0.16000,
,,,-00.000000090000,   0.24000,
,,,-00.000000080000,   0.24000,
,,,-00.000000070000,   0.24000,
,,,-00.000000060000,   0.32000,
,,,-00.000000050000,   0.32000,
,,,-00.000000040000,   0.32000,
,,,-00.000000030000,   0.40000,
,,,-00.000000020000,   0.40000,
,,,-00.000000010000,   0.40000,
,,,-00.000000000000,   0.48000,
,,,00.000000010000,   0.48000,
,,,00.000000020000,   0.48000,
,,,00.000000030000,   0.48000,
,,,00.000000040000,   0.56000,
,,,00.000000050000,   0.56000,
,,,00.000000060000,   0.64000,
,,,00.000000070000,   0.64000,
,,,00.000000080000,   0.64000,
,,,00.000000090000,   0.72000,
,,,00.000000100000,   0.72000,
,,,00.000000110000,   0.72000,
,,,00.000000120000,   0.80000,
,,,00.000000130000,   0.80000,
,,,00.000000140000,   0.80000,
,,,00.000000150000,   0.80000,
,,,00.000000160000,   0.88000,
,,,00.000000170000,   0.88000,
,,,00.000000180000,   0.96000,
,,,00.000000190000,   0.96000,
,,,00.000000200000,   0.96000,
,,,00.000000210000,   0.96000,
,,,00.000000220000,   1.04000,
,,,00.000000230000,   1.04000,
,,,00.000000240000,   1.04000,
,,,00.000000250000,   1.12000,
,,,00.000000260000,   1.12000,
,,,00.000000270000,   1.12000,
,,,00.000000280000,   1.12000,
,,,00.000000290000,   1.20000,
,,,00.000000300000,   1.20000,
,,,00.000000310000,   1.28000,
,,,00.000000320000,   1.28000,
,,,00.000000330000,   1.28000,
,,,00.000000340000,   1.28000,
,,,00.000000350000,   1.36000,
,,,00.000000360000,   1.36000,
,,,00.000000370000,   1.36000,
,,,00.000000380000,   1.44000,
,,,00.000000390000,   1.44000,
,,,00.000000400000,   1.52000,
,,,00.000000410000,   1.52000,
,,,00.000000420000,   1.52000,
,,,00.000000430000,   1.52000,
,,,00.000000440000,   1.52000,
,,,00.000000450000,   1.60000,
,,,00.000000460000,   1.60000,
,,,00.000000470000,   1.60000,
,,,00.000000480000,   1.68000,
,,,00.000000490000,   1.68000,
,,,00.000000500000,   1.68000,
,,,00.000000510000,   1.76000,
,,,00.000000520000,   1.76000,
,,,00.000000530000,   1.76000,
,,,00.000000540000,   1.84000,
,,,00.000000550000,   1.84000,
,,,00.000000560000,   1.84000,
,,,00.000000570000,   1.84000,
,,,00.000000580000,   1.92000,
,,,00.000000590000,   1.92000,
,,,00.000000600000,   1.92000,
,,,00.000000610000,   1.92000,
,,,00.000000620000,   2.00000,
,,,00.000000630000,   2.00000,
,,,00.000000640000,   2.00000,
,,,00.000000650000,   2.08000,
,,,00.000000660000,   2.08000,
,,,00.000000670000,   2.08000,
,,,00.000000680000,   2.16000,
,,,00.000000690000,   2.16000,
,,,00.000000700000,   2.16000,
,,,00.000000710000,   2.24000,
,,,00.000000720000,   2.16000,
,,,00.000000730000,   2.24000,
,,,00.000000740000,   2.24000,
,,,00.000000750000,   2.32000,
,,,00.000000760000,   2.32000,
,,,00.000000770000,   2.32000,
,,,00.000000780000,   2.32000,
,,,00.000000790000,   2.40000,
,,,00.000000800000,   2.40000,
,,,00.000000810000,   2.40000,
,,,00.000000820000,   2.40000,
,,,00.000000830000,   2.48000,
,,,00.000000840000,   2.48000,
,,,00.000000850000,   2.48000,
,,,00.000000860000,   2.48000,
,,,00.000000870000,   2.56000,
,,,00.000000880000,   2.56000,
,,,00.000000890000,   2.56000,
,,,00.000000900000,   2.56000,
,,,00.000000910000,   2.64000,
,,,00.000000920000,   2.64000,
,,,00.000000930000,   2.64000,
,,,00.000000940000,   2.64000,
,,,00.000000950000,   2.72000,
,,,00.000000960000,   2.72000,
,,,00.000000970000,   2.72000,
,,,00.000000980000,   2.72000,
,,,00.000000990000,   2.80000,
,,,00.000001000000,   2.80000,
,,,00.000001010000,   2.80000,
,,,00.000001020000,   2.80000,
,,,00.000001030000,   2.88000,
,,,00.000001040000,   2.88000,
,,,00.000001050000,   2.88000,
,,,00.000001060000,   2.88000,
,,,00.000001070000,   2.88000,
,,,00.000001080000,   2.96000,
,,,00.000001090000,   2.96000,
,,,00.000001100000,   2.96000,
,,,00.000001110000,   2.96000,
,,,00.000001120000,   3.04000,
,,,00.000001130000,   3.04000,
,,,00.000001140000,   3.04000,
,,,00.000001150000,   3.04000,
,,,00.000001160000,   3.12000,
,,,00.000001170000,   3.12000,
,,,00.000001180000,   3.12000,
,,,00.000001190000,   3.12000,
,,,00.000001200000,   3.12000,
,,,00.000001210000,   3.12000,
,,,00.000001220000,   3.20000,
,,,00.000001230000,   3.20000,
,,,00.000001240000,   3.20000,
,,,00.000001250000,   3.20000,
,,,00.000001260000,   3.20000,
,,,00.000001270000,   3.28000,
,,,00.000001280000,   3.28000,
,,,00.000001290000,   3.28000,
,,,00.000001300000,   3.28000,
,,,00.000001310000,   3.28000,
,,,00.000001320000,   3.28000,
,,,00.000001330000,   3.36000,
,,,00.000001340000,   3.36000,
,,,00.000001350000,   3.36000,
,,,00.000001360000,   3.36000,
,,,00.000001370000,   3.36000,
,,,00.000001380000,   3.44000,
,,,00.000001390000,   3.44000,
,,,00.000001400000,   3.44000,
,,,00.000001410000,   3.44000,
,,,00.000001420000,   3.44000,
,,,00.000001430000,   3.44000,
,,,00.000001440000,   3.44000,
,,,00.000001450000,   3.44000,
,,,00.000001460000,   3.52000,
,,,00.000001470000,   3.52000,
,,,00.000001480000,   3.52000,
,,,00.000001490000,   3.52000,
,,,00.000001500000,   3.52000,
,,,00.000001510000,   3.52000,
,,,00.000001520000,   3.52000,
,,,00.000001530000,   3.60000,
,,,00.000001540000,   3.60000,
,,,00.000001550000,   3.60000,
,,,00.000001560000,   3.60000,
,,,00.000001570000,   3.60000,
,,,00.000001580000,   3.60000,
,,,00.000001590000,   3.60000,
,,,00.000001600000,   3.60000,
,,,00.000001610000,   3.68000,
,,,00.000001620000,   3.68000,
,,,00.000001630000,   3.68000,
,,,00.000001640000,   3.68000,
,,,00.000001650000,   3.68000,
,,,00.000001660000,   3.68000,
,,,00.000001670000,   3.68000,
,,,00.000001680000,   3.68000,
,,,00.000001690000,   3.76000,
,,,00.000001700000,   3.76000,
,,,00.000001710000,   3.76000,
,,,00.000001720000,   3.76000,
,,,00.000001730000,   3.76000,
,,,00.000001740000,   3.76000,
,,,00.000001750000,   3.76000,
,,,00.000001760000,   3.76000,
,,,00.000001770000,   3.76000,
,,,00.000001780000,   3.76000,
,,,00.000001790000,   3.84000,
,,,00.000001800000,   3.76000,
,,,00.000001810000,   3.76000,
,,,00.000001820000,   3.84000,
,,,00.000001830000,   3.84000,
,,,00.000001840000,   3.84000,
,,,00.000001850000,   3.84000,
,,,00.000001860000,   3.84000,
,,,00.000001870000,   3.84000,
,,,00.000001880000,   3.84000,
,,,00.000001890000,   3.84000,
,,,00.000001900000,   3.84000,
,,,00.000001910000,   3.84000,
,,,00.000001920000,   3.84000,
,,,00.000001930000,   3.84000,
,,,00.000001940000,   3.84000,
,,,00.000001950000,   3.84000,
,,,00.000001960000,   3.84000,
,,,00.000001970000,   3.84000,
,,,00.000001980000,   3.84000,
,,,00.000001990000,   3.84000,
,,,00.000002000000,   3.84000,
,,,00.000002010000,   3.84000,
,,,00.000002020000,   3.84000,
,,,00.000002030000,   3.92000,
,,,00.000002040000,   3.92000,
,,,00.000002050000,   3.92000,
,,,00.000002060000,   3.84000,
,,,00.000002070000,   3.92000,
,,,00.000002080000,   3.92000,
,,,00.000002090000,   3.92000,
,,,00.000002100000,   3.92000,
,,,00.000002110000,   3.92000,
,,,00.000002120000,   3.92000,
,,,00.000002130000,   3.92000,
,,,00.000002140000,   3.92000,
,,,00.000002150000,   3.92000,
,,,00.000002160000,   3.92000,
,,,00.000002170000,   3.92000,
,,,00.000002180000,   3.92000,
,,,00.000002190000,   3.92000,
,,,00.000002200000,   3.92000,
,,,00.000002210000,   3.92000,
,,,00.000002220000,   3.84000,
,,,00.000002230000,   3.84000,
,,,00.000002240000,   3.92000,
,,,00.000002250000,   3.92000,
,,,00.000002260000,   3.92000,
,,,00.000002270000,   3.84000,
,,,00.000002280000,   3.84000,
,,,00.000002290000,   3.84000,
,,,00.000002300000,   3.84000,
,,,00.000002310000,   3.84000,
,,,00.000002320000,   3.84000,
,,,00.000002330000,   3.84000,
,,,00.000002340000,   3.84000,
,,,00.000002350000,   3.84000,
,,,00.000002360000,   3.84000,
,,,00.000002370000,   3.84000,
,,,00.000002380000,   3.84000,
,,,00.000002390000,   3.84000,
,,,00.000002400000,   3.84000,
,,,00.000002410000,   3.84000,
,,,00.000002420000,   3.76000,
,,,00.000002430000,   3.84000,
,,,00.000002440000,   3.76000,
,,,00.000002450000,   3.76000,
,,,00.000002460000,   3.76000,
,,,00.000002470000,   3.76000,
,,,00.000002480000,   3.76000,
,,,00.000002490000,   3.76000,
,,,00.000002500000,   3.76000,
,,,00.000002510000,   3.76000,
,,,00.000002520000,   3.76000,
,,,00.000002530000,   3.76000,
,,,00.000002540000,   3.76000,
,,,00.000002550000,   3.68000,
,,,00.000002560000,   3.76000,
,,,00.000002570000,   3.68000,
,,,00.000002580000,   3.68000,
,,,00.000002590000,   3.68000,
,,,00.000002600000,   3.68000,
,,,00.000002610000,   3.68000,
,,,00.000002620000,   3.60000,
,,,00.000002630000,   3.68000,
,,,00.000002640000,   3.60000,
,,,00.000002650000,   3.60000,
,,,00.000002660000,   3.60000,
,,,00.000002670000,   3.60000,
,,,00.000002680000,   3.60000,
,,,00.000002690000,   3.60000,
,,,00.000002700000,   3.60000,
,,,00.000002710000,   3.60000,
,,,00.000002720000,   3.60000,
,,,00.000002730000,   3.60000,
,,,00.000002740000,   3.52000,
,,,00.000002750000,   3.52000,
,,,00.000002760000,   3.52000,
,,,00.000002770000,   3.52000,
,,,00.000002780000,   3.52000,
,,,00.000002790000,   3.52000,
,,,00.000002800000,   3.44000,
,,,00.000002810000,   3.44000,
,,,00.000002820000,   3.44000,
,,,00.000002830000,   3.44000,
,,,00.000002840000,   3.44000,
,,,00.000002850000,   3.44000,
,,,00.000002860000,   3.36000,
,,,00.000002870000,   3.36000,
,,,00.000002880000,   3.36000,
,,,00.000002890000,   3.36000,
,,,00.000002900000,   3.36000,
,,,00.000002910000,   3.36000,
,,,00.000002920000,   3.28000,
,,,00.000002930000,   3.28000,
,,,00.000002940000,   3.28000,
,,,00.000002950000,   3.28000,
,,,00.000002960000,   3.28000,
,,,00.000002970000,   3.20000,
,,,00.000002980000,   3.20000,
,,,00.000002990000,   3.20000,
,,,00.000003000000,   3.20000,
,,,00.000003010000,   3.20000,
,,,00.000003020000,   3.20000,
,,,00.000003030000,   3.20000,
,,,00.000003040000,   3.12000,
,,,00.000003050000,   3.12000,
,,,00.000003060000,   3.12000,
,,,00.000003070000,   3.04000,
,,,00.000003080000,   3.12000,
,,,00.000003090000,   3.04000,
,,,00.000003100000,   3.04000,
,,,00.000003110000,   2.96000,
,,,00.000003120000,   2.96000,
,,,00.000003130000,   2.96000,
,,,00.000003140000,   2.96000,
,,,00.000003150000,   2.96000,
,,,00.000003160000,   2.96000,
,,,00.000003170000,   2.88000,
,,,00.000003180000,   2.88000,
,,,00.000003190000,   2.88000,
,,,00.000003200000,   2.88000,
,,,00.000003210000,   2.88000,
,,,00.000003220000,   2.80000,
,,,00.000003230000,   2.80000,
,,,00.000003240000,   2.80000,
,,,00.000003250000,   2.80000,
,,,00.000003260000,   2.72000,
,,,00.000003270000,   2.72000,
,,,00.000003280000,   2.72000,
,,,00.000003290000,   2.72000,
,,,00.000003300000,   2.64000,
,,,00.000003310000,   2.64000,
,,,00.000003320000,   2.64000,
,,,00.000003330000,   2.64000,
,,,00.000003340000,   2.56000,
,,,00.000003350000,   2.56000,
,,,00.000003360000,   2.56000,
,,,00.000003370000,   2.56000,
,,,00.000003380000,   2.48000,
,,,00.000003390000,   2.48000,
,,,00.000003400000,   2.48000,
,,,00.000003410000,   2.40000,
,,,00.000003420000,   2.40000,
,,,00.000003430000,   2.40000,
,,,00.000003440000,   2.40000,
,,,00.000003450000,   2.32000,
,,,00.000003460000,   2.32000,
,,,00.000003470000,   2.32000,
,,,00.000003480000,   2.32000,
,,,00.000003490000,   2.24000,
,,,00.000003500000,   2.24000,
,,,00.000003510000,   2.24000,
,,,00.000003520000,   2.16000,
,,,00.000003530000,   2.16000,
,,,00.000003540000,   2.16000,
,,,00.000003550000,   2.16000,
,,,00.000003560000,   2.08000,
,,,00.000003570000,   2.08000,
,,,00.000003580000,   2.00000,
,,,00.000003590000,   2.00000,
,,,00.000003600000,   2.00000,
,,,00.000003610000,   2.00000,
,,,00.000003620000,   2.00000,
,,,00.000003630000,   1.92000,
,,,00.000003640000,   1.92000,
,,,00.000003650000,   1.92000,
,,,00.000003660000,   1.84000,
,,,00.000003670000,   1.84000,
,,,00.000003680000,   1.84000,
,,,00.000003690000,   1.84000,
,,,00.000003700000,   1.76000,
,,,00.000003710000,   1.76000,
,,,00.000003720000,   1.76000,
,,,00.000003730000,   1.76000,
,,,00.000003740000,   1.68000,
,,,00.000003750000,   1.68000,
,,,00.000003760000,   1.68000,
,,,00.000003770000,   1.60000,
,,,00.000003780000,   1.60000,
,,,00.000003790000,   1.60000,
,,,00.000003800000,   1.52000,
,,,00.000003810000,   1.52000,
,,,00.000003820000,   1.52000,
,,,00.000003830000,   1.52000,
,,,00.000003840000,   1.44000,
,,,00.000003850000,   1.44000,
,,,00.000003860000,   1.36000,
,,,00.000003870000,   1.36000,
,,,00.000003880000,   1.36000,
,,,00.000003890000,   1.36000,
,,,00.000003900000,   1.36000,
,,,00.000003910000,   1.28000,
,,,00.000003920000,   1.28000,
,,,00.000003930000,   1.28000,
,,,00.000003940000,   1.20000,
,,,00.000003950000,   1.20000,
,,,00.000003960000,   1.12000,
,,,00.000003970000,   1.12000,
,,,00.000003980000,   1.12000,
,,,00.000003990000,   1.12000,
,,,00.000004000000,   1.04000,
,,,00.000004010000,   1.04000,
,,,00.000004020000,   1.04000,
,,,00.000004030000,   0.96000,
,,,00.000004040000,   0.96000,
,,,00.000004050000,   0.88000,
,,,00.000004060000,   0.88000,
,,,00.000004070000,   0.88000,
,,,00.000004080000,   0.88000,
,,,00.000004090000,   0.80000,
,,,00.000004100000,   0.80000,
,,,00.000004110000,   0.80000,
,,,00.000004120000,   0.72000,
,,,00.000004130000,   0.72000,
,,,00.000004140000,   0.72000,
,,,00.000004150000,   0.64000,
,,,00.000004160000,   0.64000,
,,,00.000004170000,   0.64000,
,,,00.000004180000,   0.56000,
,,,00.000004190000,   0.56000,
,,,00.000004200000,   0.56000,
,,,00.000004210000,   0.48000,
,,,00.000004220000,   0.48000,
,,,00.000004230000,   0.48000,
,,,00.000004240000,   0.40000,
,,,00.000004250000,   0.40000,
,,,00.000004260000,   0.40000,
,,,00.000004270000,   0.40000,
,,,00.000004280000,   0.32000,
,,,00.000004290000,   0.32000,
,,,00.000004300000,   0.24000,
,,,00.000004310000,   0.24000,
,,,00.000004320000,   0.24000,
,,,00.000004330000,   0.24000,
,,,00.000004340000,   0.16000,
,,,00.000004350000,   0.16000,
,,,00.000004360000,   0.16000,
,,,00.000004370000,   0.08000,
,,,00.000004380000,   0.08000,
,,,00.000004390000,   0.00000,
,,,00.000004400000,   0.00000,
,,,00.000004410000,   0.00000,
,,,00.000004420000,  -0.08000,
,,,00.000004430000,  -0.08000,
,,,00.000004440000,  -0.08000,
,,,00.000004450000,  -0.08000,
,,,00.000004460000,  -0.16000,
,,,00.000004470000,  -0.16000,
,,,00.000004480000,  -0.24000,
,,,00.000004490000,  -0.24000,
,,,00.000004500000,  -0.24000,
,,,00.000004510000,  -0.24000,
,,,00.000004520000,  -0.32000,
,,,00.000004530000,  -0.32000,
,,,00.000004540000,  -0.32000,
,,,00.000004550000,  -0.40000,
,,,00.000004560000,  -0.40000,
,,,00.000004570000,  -0.48000,
,,,00.000004580000,  -0.48000,
,,,00.000004590000,  -0.48000,
,,,00.000004600000,  -0.56000,
,,,00.000004610000,  -0.56000,
,,,00.000004620000,  -0.56000,
,,,00.000004630000,  -0.56000,
,,,00.000004640000,  -0.64000,
,,,00.000004650000,  -0.64000,
,,,00.000004660000,  -0.64000,
,,,00.000004670000,  -0.72000,
,,,00.000004680000,  -0.72000,
,,,00.000004690000,  -0.72000,
,,,00.000004700000,  -0.80000,
,,,00.000004710000,  -0.80000,
,,,00.000004720000,  -0.80000,
,,,00.000004730000,  -0.88000,
,,,00.000004740000,  -0.88000,
,,,00.000004750000,  -0.88000,
,,,00.000004760000,  -0.96000,
,,,00.000004770000,  -0.96000,
,,,00.000004780000,  -0.96000,
,,,00.000004790000,  -0.96000,
,,,00.000004800000,  -1.04000,
,,,00.000004810000,  -1.04000,
,,,00.000004820000,  -1.12000,
,,,00.000004830000,  -1.12000,
,,,00.000004840000,  -1.12000,
,,,00.000004850000,  -1.20000,
,,,00.000004860000,  -1.20000,
,,,00.000004870000,  -1.20000,
,,,00.000004880000,  -1.28000,
,,,00.000004890000,  -1.28000,
,,,00.000004900000,  -1.28000,
,,,00.000004910000,  -1.28000,
,,,00.000004920000,  -1.36000,
,,,00.000004930000,  -1.36000,
,,,00.000004940000,  -1.36000,
,,,00.000004950000,  -1.44000,
,,,00.000004960000,  -1.44000,
,,,00.000004970000,  -1.44000,
,,,00.000004980000,  -1.44000,
,,,00.000004990000,  -1.52000,
,,,00.000005000000,  -1.52000,
,,,00.000005010000,  -1.52000,
,,,00.000005020000,  -1.60000,
,,,00.000005030000,  -1.60000,
,,,00.000005040000,  -1.60000,
,,,00.000005050000,  -1.68000,
,,,00.000005060000,  -1.68000,
,,,00.000005070000,  -1.68000,
,,,00.000005080000,  -1.68000,
,,,00.000005090000,  -1.76000,
,,,00.000005100000,  -1.76000,
,,,00.000005110000,  -1.76000,
,,,00.000005120000,  -1.84000,
,,,00.000005130000,  -1.84000,
,,,00.000005140000,  -1.84000,
,,,00.000005150000,  -1.84000,
,,,00.000005160000,  -1.92000,
,,,00.000005170000,  -1.92000,
,,,00.000005180000,  -1.92000,
,,,00.000005190000,  -2.00000,
,,,00.000005200000,  -2.00000,
,,,00.000005210000,  -2.00000,
,,,00.000005220000,  -2.08000,
,,,00.000005230000,  -2.08000,
,,,00.000005240000,  -2.08000,
,,,00.000005250000,  -2.08000,
,,,00.000005260000,  -2.16000,
,,,00.000005270000,  -2.16000,
,,,00.000005280000,  -2.16000,
,,,00.000005290000,  -2.24000,
,,,00.000005300000,  -2.24000,
,,,00.000005310000,  -2.24000,
,,,00.000005320000,  -2.24000,
,,,00.000005330000,  -2.32000,
,,,00.000005340000,  -2.32000,
,,,00.000005350000,  -2.32000,
,,,00.000005360000,  -2.32000,
,,,00.000005370000,  -2.40000,
,,,00.000005380000,  -2.40000,
,,,00.000005390000,  -2.40000,
,,,00.000005400000,  -2.40000,
,,,00.000005410000,  -2.48000,
,,,00.000005420000,  -2.48000,
,,,00.000005430000,  -2.48000,
,,,00.000005440000,  -2.48000,
,,,00.000005450000,  -2.56000,
,,,00.000005460000,  -2.56000,
,,,00.000005470000,  -2.56000,
,,,00.000005480000,  -2.56000,
,,,00.000005490000,  -2.64000,
,,,00.000005500000,  -2.64000,
,,,00.000005510000,  -2.64000,
,,,00.000005520000,  -2.64000,
,,,00.000005530000,  -2.64000,
,,,00.000005540000,  -2.72000,
,,,00.000005550000,  -2.72000,
,,,00.000005560000,  -2.72000,
,,,00.000005570000,  -2.72000,
,,,00.000005580000,  -2.80000,
,,,00.000005590000,  -2.80000,
,,,00.000005600000,  -2.80000,
,,,00.000005610000,  -2.88000,
,,,00.000005620000,  -2.88000,
,,,00.000005630000,  -2.88000,
,,,00.000005640000,  -2.88000,
,,,00.000005650000,  -2.88000,
,,,00.000005660000,  -2.88000,
,,,00.000005670000,  -2.96000,
,,,00.000005680000,  -2.96000,
,,,00.000005690000,  -2.96000,
,,,00.000005700000,  -2.96000,
,,,00.000005710000,  -3.04000,
,,,00.000005720000,  -3.04000,
,,,00.000005730000,  -3.04000,
,,,00.000005740000,  -3.04000,
,,,00.000005750000,  -3.04000,
,,,00.000005760000,  -3.12000,
,,,00.000005770000,  -3.12000,
,,,00.000005780000,  -3.12000,
,,,00.000005790000,  -3.12000,
,,,00.000005800000,  -3.12000,
,,,00.000005810000,  -3.12000,
,,,00.000005820000,  -3.20000,
,,,00.000005830000,  -3.20000,
,,,00.000005840000,  -3.20000,
,,,00.000005850000,  -3.20000,
,,,00.000005860000,  -3.20000,
,,,00.000005870000,  -3.28000,
,,,00.000005880000,  -3.28000,
,,,00.000005890000,  -3.28000,
,,,00.000005900000,  -3.28000,
,,,00.000005910000,  -3.28000,
,,,00.000005920000,  -3.28000,
,,,00.000005930000,  -3.28000,
,,,00.000005940000,  -3.36000,
,,,00.000005950000,  -3.36000,
,,,00.000005960000,  -3.36000,
,,,00.000005970000,  -3.36000,
,,,00.000005980000,  -3.36000,
,,,00.000005990000,  -3.36000,
,,,00.000006000000,  -3.36000,
,,,00.000006010000,  -3.44000,
,,,00.000006020000,  -3.44000,
,,,00.000006030000,  -3.44000,
,,,00.000006040000,  -3.44000,
,,,00.000006050000,  -3.44000,
,,,00.000006060000,  -3.44000,
,,,00.000006070000,  -3.52000,
,,,00.000006080000,  -3.52000,
,,,00.000006090000,  -3.52000,
,,,00.000006100000,  -3.52000,
,,,00.000006110000,  -3.52000,
,,,00.000006120000,  -3.52000,
,,,00.000006130000,  -3.52000,
,,,00.000006140000,  -3.52000,
,,,00.000006150000,  -3.60000,
,,,00.000006160000,  -3.60000,
,,,00.000006170000,  -3.60000,
,,,00.000006180000,  -3.60000,
,,,00.000006190000,  -3.60000,
,,,00.000006200000,  -3.60000,
,,,00.000006210000,  -3.60000,
,,,00.000006220000,  -3.60000,
,,,00.000006230000,  -3.60000,
,,,00.000006240000,  -3.60000,
,,,00.000006250000,  -3.68000,
,,,00.000006260000,  -3.60000,
,,,00.000006270000,  -3.68000,
,,,00.000006280000,  -3.68000,
,,,00.000006290000,  -3.68000,
,,,00.000006300000,  -3.68000,
,,,00.000006310000,  -3.68000,
,,,00.000006320000,  -3.68000,
,,,00.000006330000,  -3.68000,
,,,00.000006340000,  -3.68000,
,,,00.000006350000,  -3.68000,
,,,00.000006360000,  -3.76000,
,,,00.000006370000,  -3.76000,
,,,00.000006380000,  -3.76000,
,,,00.000006390000,  -3.68000,
,,,00.000006400000,  -3.76000,
,,,00.000006410000,  -3.76000,
,,,00.000006420000,  -3.76000,
,,,00.000006430000,  -3.76000,
,,,00.000006440000,  -3.76000,
,,,00.000006450000,  -3.76000,
,,,00.000006460000,  -3.76000,
,,,00.000006470000,  -3.76000,
,,,00.000006480000,  -3.76000,
,,,00.000006490000,  -3.76000,
,,,00.000006500000,  -3.76000,
,,,00.000006510000,  -3.76000,
,,,00.000006520000,  -3.76000,
,,,00.000006530000,  -3.76000,
,,,00.000006540000,  -3.76000,
,,,00.000006550000,  -3.76000,
,,,00.000006560000,  -3.76000,
,,,00.000006570000,  -3.76000,
,,,00.000006580000,  -3.84000,
,,,00.000006590000,  -3.76000,
,,,00.000006600000,  -3.76000,
,,,00.000006610000,  -3.84000,
,,,00.000006620000,  -3.76000,
,,,00.000006630000,  -3.84000,
,,,00.000006640000,  -3.76000,
,,,00.000006650000,  -3.76000,
,,,00.000006660000,  -3.84000,
,,,00.000006670000,  -3.84000,
,,,00.000006680000,  -3.76000,
,,,00.000006690000,  -3.76000,
,,,00.000006700000,  -3.84000,
,,,00.000006710000,  -3.76000,
,,,00.000006720000,  -3.84000,
,,,00.000006730000,  -3.76000,
,,,00.000006740000,  -3.76000,
,,,00.000006750000,  -3.76000,
,,,00.000006760000,  -3.76000,
,,,00.000006770000,  -3.76000,
,,,00.000006780000,  -3.76000,
,,,00.000006790000,  -3.76000,
,,,00.000006800000,  -3.76000,
,,,00.000006810000,  -3.76000,
,,,00.000006820000,  -3.76000,
,,,00.000006830000,  -3.84000,
,,,00.000006840000,  -3.76000,
,,,00.000006850000,  -3.76000,
,,,00.000006860000,  -3.76000,
,,,00.000006870000,  -3.76000,
,,,00.000006880000,  -3.76000,
,,,00.000006890000,  -3.76000,
,,,00.000006900000,  -3.76000,
,,,00.000006910000,  -3.76000,
,,,00.000006920000,  -3.76000,
,,,00.000006930000,  -3.76000,
,,,00.000006940000,  -3.76000,
,,,00.000006950000,  -3.76000,
,,,00.000006960000,  -3.68000,
,,,00.000006970000,  -3.68000,
,,,00.000006980000,  -3.68000,
,,,00.000006990000,  -3.68000,
,,,00.000007000000,  -3.68000,
,,,00.000007010000,  -3.68000,
,,,00.000007020000,  -3.68000,
,,,00.000007030000,  -3.68000,
,,,00.000007040000,  -3.68000,
,,,00.000007050000,  -3.68000,
,,,00.000007060000,  -3.68000,
,,,00.000007070000,  -3.68000,
,,,00.000007080000,  -3.68000,
,,,00.000007090000,  -3.60000,
,,,00.000007100000,  -3.60000,
,,,00.000007110000,  -3.60000,
,,,00.000007120000,  -3.60000,
,,,00.000007130000,  -3.60000,
,,,00.000007140000,  -3.60000,
,,,00.000007150000,  -3.60000,
,,,00.000007160000,  -3.60000,
,,,00.000007170000,  -3.60000,
,,,00.000007180000,  -3.60000,
,,,00.000007190000,  -3.52000,
,,,00.000007200000,  -3.52000,
,,,00.000007210000,  -3.52000,
,,,00.000007220000,  -3.52000,
,,,00.000007230000,  -3.52000,
,,,00.000007240000,  -3.52000,
,,,00.000007250000,  -3.52000,
,,,00.000007260000,  -3.52000,
,,,00.000007270000,  -3.44000,
,,,00.000007280000,  -3.44000,
,,,00.000007290000,  -3.44000,
,,,00.000007300000,  -3.44000,
,,,00.000007310000,  -3.44000,
,,,00.000007320000,  -3.44000,
,,,00.000007330000,  -3.36000,
,,,00.000007340000,  -3.36000,
,,,00.000007350000,  -3.36000,
,,,00.000007360000,  -3.36000,
,,,00.000007370000,  -3.36000,
,,,00.000007380000,  -3.36000,
,,,00.000007390000,  -3.36000,
,,,00.000007400000,  -3.28000,
,,,00.000007410000,  -3.28000,
,,,00.000007420000,  -3.28000,
,,,00.000007430000,  -3.28000,
,,,00.000007440000,  -3.28000,
,,,00.000007450000,  -3.28000,
,,,00.000007460000,  -3.28000,
,,,00.000007470000,  -3.20000,
,,,00.000007480000,  -3.20000,
,,,00.000007490000,  -3.20000,
,,,00.000007500000,  -3.20000,
,,,00.000007510000,  -3.20000,
,,,00.000007520000,  -3.12000,
,,,00.000007530000,  -3.12000,
,,,00.000007540000,  -3.12000,
,,,00.000007550000,  -3.12000,
,,,00.000007560000,  -3.12000,
,,,00.000007570000,  -3.12000,
,,,00.000007580000,  -3.04000,
,,,00.000007590000,  -3.04000,
,,,00.000007600000,  -3.04000,
,,,00.000007610000,  -3.04000,
,,,00.000007620000,  -2.96000,
,,,00.000007630000,  -2.96000,
,,,00.000007640000,  -2.96000,
,,,00.000007650000,  -2.96000,
,,,00.000007660000,  -2.96000,
,,,00.000007670000,  -2.96000,
,,,00.000007680000,  -2.88000,
,,,00.000007690000,  -2.88000,
,,,00.000007700000,  -2.88000,
,,,00.000007710000,  -2.88000,
,,,00.000007720000,  -2.80000,
,,,00.000007730000,  -2.80000,
,,,00.000007740000,  -2.80000,
,,,00.000007750000,  -2.80000,
,,,00.000007760000,  -2.72000,
,,,00.000007770000,  -2.80000,
,,,00.000007780000,  -2.72000,
,,,00.000007790000,  -2.72000,
,,,00.000007800000,  -2.72000,
,,,00.000007810000,  -2.72000,
,,,00.000007820000,  -2.64000,
,,,00.000007830000,  -2.64000,
,,,00.000007840000,  -2.56000,
,,,00.000007850000,  -2.56000,
,,,00.000007860000,  -2.56000,
,,,00.000007870000,  -2.56000,
,,,00.000007880000,  -2.56000,
,,,00.000007890000,  -2.48000,
,,,00.000007900000,  -2.48000,
,,,00.000007910000,  -2.48000,
,,,00.000007920000,  -2.48000,
,,,00.000007930000,  -2.40000,
,,,00.000007940000,  -2.40000,
,,,00.000007950000,  -2.40000,
,,,00.000007960000,  -2.32000,
,,,00.000007970000,  -2.32000,
,,,00.000007980000,  -2.32000,
,,,00.000007990000,  -2.32000,
,,,00.000008000000,  -2.32000,
,,,00.000008010000,  -2.24000,
,,,00.000008020000,  -2.24000,
,,,00.000008030000,  -2.24000,
,,,00.000008040000,  -2.16000,
,,,00.000008050000,  -2.24000,
,,,00.000008060000,  -2.16000,
,,,00.000008070000,  -2.16000,
,,,00.000008080000,  -2.08000,
,,,00.000008090000,  -2.08000,
,,,00.000008100000,  -2.08000,
,,,00.000008110000,  -2.08000,
,,,00.000008120000,  -2.00000,
,,,00.000008130000,  -2.00000,
,,,00.000008140000,  -2.00000,
,,,00.000008150000,  -1.92000,
,,,00.000008160000,  -1.92000,
,,,00.000008170000,  -1.92000,
,,,00.000008180000,  -1.84000,
,,,00.000008190000,  -1.84000,
,,,00.000008200000,  -1.84000,
,,,00.000008210000,  -1.84000,
,,,00.000008220000,  -1.76000,
,,,00.000008230000,  -1.76000,
,,,00.000008240000,  -1.76000,
,,,00.000008250000,  -1.68000,
,,,00.000008260000,  -1.68000,
,,,00.000008270000,  -1.68000,
,,,00.000008280000,  -1.60000,
,,,00.000008290000,  -1.60000,
,,,00.000008300000,  -1.60000,
,,,00.000008310000,  -1.60000,
,,,00.000008320000,  -1.52000,
,,,00.000008330000,  -1.52000,
,,,00.000008340000,  -1.52000,
,,,00.000008350000,  -1.44000,
,,,00.000008360000,  -1.44000,
,,,00.000008370000,  -1.44000,
,,,00.000008380000,  -1.44000,
,,,00.000008390000,  -1.36000,
,,,00.000008400000,  -1.36000,
,,,00.000008410000,  -1.36000,
,,,00.000008420000,  -1.28000,
,,,00.000008430000,  -1.28000,
,,,00.000008440000,  -1.28000,
,,,00.000008450000,  -1.20000,
,,,00.000008460000,  -1.20000,
,,,00.000008470000,  -1.20000,
,,,00.000008480000,  -1.12000,
,,,00.000008490000,  -1.12000,
,,,00.000008500000,  -1.12000,
,,,00.000008510000,  -1.12000,
,,,00.000008520000,  -1.04000,
,,,00.000008530000,  -1.04000,
,,,00.000008540000,  -1.04000,
,,,00.000008550000,  -0.96000,
,,,00.000008560000,  -0.96000,
,,,00.000008570000,  -0.88000,
,,,00.000008580000,  -0.88000,
,,,00.000008590000,  -0.88000,
,,,00.000008600000,  -0.88000,
,,,00.000008610000,  -0.80000,
,,,00.000008620000,  -0.80000,
,,,00.000008630000,  -0.72000,
,,,00.000008640000,  -0.72000,
,,,00.000008650000,  -0.72000,
,,,00.000008660000,  -0.72000,
,,,00.000008670000,  -0.64000,
,,,00.000008680000,  -0.64000,
,,,00.000008690000,  -0.64000,
,,,00.000008700000,  -0.56000,
,,,00.000008710000,  -0.56000,
,,,00.000008720000,  -0.56000,
,,,00.000008730000,  -0.48000,
,,,00.000008740000,  -0.48000,
,,,00.000008750000,  -0.48000,
,,,00.000008760000,  -0.40000,
,,,00.000008770000,  -0.40000,
,,,00.000008780000,  -0.40000,
,,,00.000008790000,  -0.32000,
,,,00.000008800000,  -0.32000,
,,,00.000008810000,  -0.32000,
,,,00.000008820000,  -0.24000,
,,,00.000008830000,  -0.24000,
,,,00.000008840000,  -0.24000,
,,,00.000008850000,  -0.16000,
,,,00.000008860000,  -0.16000,
,,,00.000008870000,  -0.16000,
,,,00.000008880000,  -0.08000,
,,,00.000008890000,  -0.08000,
,,,00.000008900000,  -0.08000,
,,,00.000008910000,  -0.08000,
,,,00.000008920000,   0.00000,
,,,00.000008930000,   0.00000,
,,,00.000008940000,   0.08000,
,,,00.000008950000,   0.08000,
,,,00.000008960000,   0.08000,
,,,00.000008970000,   0.16000,
,,,00.000008980000,   0.16000,
,,,00.000008990000,   0.16000,
,,,00.000009000000,   0.16000,
,,,00.000009010000,   0.24000,
,,,00.000009020000,   0.24000,
,,,00.000009030000,   0.32000,
,,,00.000009040000,   0.32000,
,,,00.000009050000,   0.32000,
,,,00.000009060000,   0.40000,
,,,00.000009070000,   0.40000,
,,,00.000009080000,   0.40000,
,,,00.000009090000,   0.48000,
,,,00.000009100000,   0.48000,
,,,00.000009110000,   0.48000,
,,,00.000009120000,   0.56000,
,,,00.000009130000,   0.56000,
,,,00.000009140000,   0.56000,
,,,00.000009150000,   0.56000,
,,,00.000009160000,   0.64000,
,,,00.000009170000,   0.64000,
,,,00.000009180000,   0.72000,
,,,00.000009190000,   0.72000,
,,,00.000009200000,   0.72000,
,,,00.000009210000,   0.72000,
,,,00.000009220000,   0.80000,
,,,00.000009230000,   0.80000,
,,,00.000009240000,   0.80000,
,,,00.000009250000,   0.88000,
,,,00.000009260000,   0.88000,
,,,00.000009270000,   0.88000,
,,,00.000009280000,   0.96000,
,,,00.000009290000,   0.96000,
,,,00.000009300000,   0.96000,
,,,00.000009310000,   1.04000,
,,,00.000009320000,   1.04000,
,,,00.000009330000,   1.04000,
,,,00.000009340000,   1.12000,
,,,00.000009350000,   1.12000,
,,,00.000009360000,   1.12000,
,,,00.000009370000,   1.20000,
,,,00.000009380000,   1.20000,
,,,00.000009390000,   1.20000,
,,,00.000009400000,   1.20000,
,,,00.000009410000,   1.28000,
,,,00.000009420000,   1.28000,
,,,00.000009430000,   1.28000,
,,,00.000009440000,   1.36000,
,,,00.000009450000,   1.36000,
,,,00.000009460000,   1.36000,
,,,00.000009470000,   1.44000,
,,,00.000009480000,   1.44000,
,,,00.000009490000,   1.44000,
,,,00.000009500000,   1.44000,
,,,00.000009510000,   1.52000,
,,,00.000009520000,   1.52000,
,,,00.000009530000,   1.60000,
,,,00.000009540000,   1.60000,
,,,00.000009550000,   1.60000,
,,,00.000009560000,   1.60000,
,,,00.000009570000,   1.68000,
,,,00.000009580000,   1.68000,
,,,00.000009590000,   1.68000,
,,,00.000009600000,   1.76000,
,,,00.000009610000,   1.76000,
,,,00.000009620000,   1.76000,
,,,00.000009630000,   1.76000,
,,,00.000009640000,   1.84000,
,,,00.000009650000,   1.84000,
,,,00.000009660000,   1.92000,
,,,00.000009670000,   1.92000,
,,,00.000009680000,   1.92000,
,,,00.000009690000,   1.92000,
,,,00.000009700000,   2.00000,
,,,00.000009710000,   2.00000,
,,,00.000009720000,   2.00000,
,,,00.000009730000,   2.08000,
,,,00.000009740000,   2.08000,
,,,00.000009750000,   2.08000,
,,,00.000009760000,   2.08000,
,,,00.000009770000,   2.16000,
,,,00.000009780000,   2.16000,
,,,00.000009790000,   2.16000,
,,,00.000009800000,   2.16000,
,,,00.000009810000,   2.24000,
,,,00.000009820000,   2.24000,
,,,00.000009830000,   2.24000,
,,,00.000009840000,   2.32000,
,,,00.000009850000,   2.32000,
,,,00.000009860000,   2.32000,
,,,00.000009870000,   2.32000,
,,,00.000009880000,   2.40000,
,,,00.000009890000,   2.40000,
,,,00.000009900000,   2.40000,
,,,00.000009910000,   2.40000,
,,,00.000009920000,   2.48000,
,,,00.000009930000,   2.48000,
,,,00.000009940000,   2.48000,
,,,00.000009950000,   2.48000,
,,,00.000009960000,   2.56000,
,,,00.000009970000,   2.56000,
,,,00.000009980000,   2.56000,
,,,00.000009990000,   2.56000,
,,,00.000010000000,   2.64000,
,,,00.000010010000,   2.64000,
,,,00.000010020000,   2.64000,
,,,00.000010030000,   2.64000,
,,,00.000010040000,   2.72000,
,,,00.000010050000,   2.72000,
,,,00.000010060000,   2.72000,
,,,00.000010070000,   2.72000,
,,,00.000010080000,   2.80000,
,,,00.000010090000,   2.80000,
,,,00.000010100000,   2.80000,
,,,00.000010110000,   2.80000,
,,,00.000010120000,   2.88000,
,,,00.000010130000,   2.88000,
,,,00.000010140000,   2.88000,
,,,00.000010150000,   2.88000,
,,,00.000010160000,   2.96000,
,,,00.000010170000,   2.96000,
,,,00.000010180000,   2.96000,
,,,00.000010190000,   2.96000,
,,,00.000010200000,   2.96000,
,,,00.000010210000,   3.04000,
,,,00.000010220000,   3.04000,
,,,00.000010230000,   3.04000,
,,,00.000010240000,   3.04000,
,,,00.000010250000,   3.04000,
,,,00.000010260000,   3.12000,
,,,00.000010270000,   3.12000,
,,,00.000010280000,   3.12000,
,,,00.000010290000,   3.12000,
,,,00.000010300000,   3.20000,
,,,00.000010310000,   3.20000,
,,,00.000010320000,   3.20000,
,,,00.000010330000,   3.20000,
,,,00.000010340000,   3.20000,
,,,00.000010350000,   3.20000,
,,,00.000010360000,   3.20000,
,,,00.000010370000,   3.28000,
,,,00.000010380000,   3.28000,
,,,00.000010390000,   3.28000,
,,,00.000010400000,   3.28000,
,,,00.000010410000,   3.28000,
,,,00.000010420000,   3.28000,
,,,00.000010430000,   3.36000,
,,,00.000010440000,   3.36000,
,,,00.000010450000,   3.36000,
,,,00.000010460000,   3.36000,
,,,00.000010470000,   3.36000,
,,,00.000010480000,   3.44000,
,,,00.000010490000,   3.44000,
,,,00.000010500000,   3.44000,
,,,00.000010510000,   3.44000,
,,,00.000010520000,   3.44000,
,,,00.000010530000,   3.44000,
,,,00.000010540000,   3.52000,
,,,00.000010550000,   3.52000,
,,,00.000010560000,   3.52000,
,,,00.000010570000,   3.52000,
,,,00.000010580000,   3.52000,
,,,00.000010590000,   3.52000,
,,,00.000010600000,   3.52000,
,,,00.000010610000,   3.60000,
,,,00.000010620000,   3.60000,
,,,00.000010630000,   3.52000,
,,,00.000010640000,   3.60000,
,,,00.000010650000,   3.60000,
,,,00.000010660000,   3.60000,
,,,00.000010670000,   3.60000,
,,,00.000010680000,   3.60000,
,,,00.000010690000,   3.60000,
,,,00.000010700000,   3.68000,
,,,00.000010710000,   3.68000,
,,,00.000010720000,   3.68000,
,,,00.000010730000,   3.68000,
,,,00.000010740000,   3.68000,
,,,00.000010750000,   3.68000,
,,,00.000010760000,   3.68000,
,,,00.000010770000,   3.68000,
,,,00.000010780000,   3.76000,
,,,00.000010790000,   3.76000,
,,,00.000010800000,   3.76000,
,,,00.000010810000,   3.76000,
,,,00.000010820000,   3.76000,
,,,00.000010830000,   3.76000,
,,,00.000010840000,   3.76000,
,,,00.000010850000,   3.76000,
,,,00.000010860000,   3.76000,
,,,00.000010870000,   3.76000,
,,,00.000010880000,   3.76000,
,,,00.000010890000,   3.76000,
,,,00.000010900000,   3.84000,
,,,00.000010910000,   3.76000,
,,,00.000010920000,   3.84000,
,,,00.000010930000,   3.84000,
,,,00.000010940000,   3.84000,
,,,00.000010950000,   3.84000,
,,,00.000010960000,   3.84000,
,,,00.000010970000,   3.84000,
,,,00.000010980000,   3.84000,
,,,00.000010990000,   3.84000,
,,,00.000011000000,   3.84000,
,,,00.000011010000,   3.84000,
,,,00.000011020000,   3.84000,
,,,00.000011030000,   3.84000,
,,,00.000011040000,   3.84000,
,,,00.000011050000,   3.84000,
,,,00.000011060000,   3.92000,
,,,00.000011070000,   3.84000,
,,,00.000011080000,   3.84000,
,,,00.000011090000,   3.92000,
,,,00.000011100000,   3.84000,
,,,00.000011110000,   3.92000,
,,,00.000011120000,   3.92000,
,,,00.000011130000,   3.92000,
,,,00.000011140000,   3.84000,
,,,00.000011150000,   3.92000,
,,,00.000011160000,   3.92000,
,,,00.000011170000,   3.92000,
,,,00.000011180000,   3.92000,
,,,00.000011190000,   3.92000,
,,,00.000011200000,   3.92000,
,,,00.000011210000,   3.92000,
,,,00.000011220000,   3.84000,
,,,00.000011230000,   3.92000,
,,,00.000011240000,   3.92000,
,,,00.000011250000,   3.92000,
,,,00.000011260000,   3.92000,
,,,00.000011270000,   3.92000,
,,,00.000011280000,   3.84000,
,,,00.000011290000,   3.92000,
,,,00.000011300000,   3.92000,
,,,00.000011310000,   3.92000,
,,,00.000011320000,   3.92000,
,,,00.000011330000,   3.84000,
,,,00.000011340000,   3.84000,
,,,00.000011350000,   3.84000,
,,,00.000011360000,   3.84000,
,,,00.000011370000,   3.84000,
,,,00.000011380000,   3.84000,
,,,00.000011390000,   3.84000,
,,,00.000011400000,   3.84000,
,,,00.000011410000,   3.84000,
,,,00.000011420000,   3.84000,
,,,00.000011430000,   3.84000,
,,,00.000011440000,   3.84000,
,,,00.000011450000,   3.84000,
,,,00.000011460000,   3.84000,
,,,00.000011470000,   3.84000,
,,,00.000011480000,   3.84000,
,,,00.000011490000,   3.84000,
,,,00.000011500000,   3.76000,
,,,00.000011510000,   3.84000,
,,,00.000011520000,   3.84000,
,,,00.000011530000,   3.76000,
,,,00.000011540000,   3.76000,
,,,00.000011550000,   3.76000,
,,,00.000011560000,   3.76000,
,,,00.000011570000,   3.76000,
,,,00.000011580000,   3.76000,
,,,00.000011590000,   3.76000,
,,,00.000011600000,   3.76000,
,,,00.000011610000,   3.76000,
,,,00.000011620000,   3.76000,
,,,00.000011630000,   3.76000,
,,,00.000011640000,   3.76000,
,,,00.000011650000,   3.68000,
,,,00.000011660000,   3.68000,
,,,00.000011670000,   3.68000,
,,,00.000011680000,   3.68000,
,,,00.000011690000,   3.68000,
,,,00.000011700000,   3.68000,
,,,00.000011710000,   3.68000,
,,,00.000011720000,   3.60000,
,,,00.000011730000,   3.60000,
,,,00.000011740000,   3.60000,
,,,00.000011750000,   3.60000,
,,,00.000011760000,   3.60000,
,,,00.000011770000,   3.60000,
,,,00.000011780000,   3.60000,
,,,00.000011790000,   3.60000,
,,,00.000011800000,   3.60000,
,,,00.000011810000,   3.60000,
,,,00.000011820000,   3.52000,
,,,00.000011830000,   3.52000,
,,,00.000011840000,   3.52000,
,,,00.000011850000,   3.52000,
,,,00.000011860000,   3.52000,
,,,00.000011870000,   3.52000,
,,,00.000011880000,   3.44000,
,,,00.000011890000,   3.44000,
,,,00.000011900000,   3.44000,
,,,00.000011910000,   3.44000,
,,,00.000011920000,   3.44000,
,,,00.000011930000,   3.44000,
,,,00.000011940000,   3.44000,
,,,00.000011950000,   3.36000,
,,,00.000011960000,   3.36000,
,,,00.000011970000,   3.36000,
,,,00.000011980000,   3.36000,
,,,00.000011990000,   3.36000,
,,,00.000012000000,   3.36000,
,,,00.000012010000,   3.28000,
,,,00.000012020000,   3.28000,
,,,00.000012030000,   3.28000,
,,,00.000012040000,   3.28000,
,,,00.000012050000,   3.28000,
,,,00.000012060000,   3.28000,
,,,00.000012070000,   3.20000,
,,,00.000012080000,   3.20000,
,,,00.000012090000,   3.20000,
,,,00.000012100000,   3.20000,
,,,00.000012110000,   3.20000,
,,,00.000012120000,   3.12000,
,,,00.000012130000,   3.12000,
,,,00.000012140000,   3.12000,
,,,00.000012150000,   3.12000,
,,,00.000012160000,   3.04000,
,,,00.000012170000,   3.04000,
,,,00.000012180000,   3.04000,
,,,00.000012190000,   3.04000,
,,,00.000012200000,   3.04000,
,,,00.000012210000,   2.96000,
,,,00.000012220000,   2.96000,
,,,00.000012230000,   2.96000,
,,,00.000012240000,   2.96000,
,,,00.000012250000,   2.88000,
,,,00.000012260000,   2.88000,
,,,00.000012270000,   2.88000,
,,,00.000012280000,   2.88000,
,,,00.000012290000,   2.88000,
,,,00.000012300000,   2.88000,
,,,00.000012310000,   2.80000,
,,,00.000012320000,   2.80000,
,,,00.000012330000,   2.80000,
,,,00.000012340000,   2.72000,
,,,00.000012350000,   2.72000,
,,,00.000012360000,   2.72000,
,,,00.000012370000,   2.72000,
,,,00.000012380000,   2.72000,
,,,00.000012390000,   2.64000,
,,,00.000012400000,   2.64000,
,,,00.000012410000,   2.64000,
,,,00.000012420000,   2.64000,
,,,00.000012430000,   2.56000,
,,,00.000012440000,   2.56000,
,,,00.000012450000,   2.56000,
,,,00.000012460000,   2.56000,
,,,00.000012470000,   2.48000,
,,,00.000012480000,   2.48000,
,,,00.000012490000,   2.48000,
,,,00.000012500000,   2.48000,
,,,00.000012510000,   2.40000,
,,,00.000012520000,   2.40000,
,,,00.000012530000,   2.40000,
,,,00.000012540000,   2.32000,
,,,00.000012550000,   2.32000,
,,,00.000012560000,   2.32000,
,,,00.000012570000,   2.32000,
,,,00.000012580000,   2.32000,
,,,00.000012590000,   2.24000,
,,,00.000012600000,   2.24000,
,,,00.000012610000,   2.24000,
,,,00.000012620000,   2.16000,
,,,00.000012630000,   2.16000,
,,,00.000012640000,   2.16000,
,,,00.000012650000,   2.08000,
,,,00.000012660000,   2.08000,
,,,00.000012670000,   2.08000,
,,,00.000012680000,   2.08000,
,,,00.000012690000,   2.00000,
,,,00.000012700000,   2.00000,
,,,00.000012710000,   1.92000,
,,,00.000012720000,   1.92000,
,,,00.000012730000,   1.92000,
,,,00.000012740000,   1.92000,
,,,00.000012750000,   1.92000,
,,,00.000012760000,   1.84000,
,,,00.000012770000,   1.84000,
,,,00.000012780000,   1.84000,
,,,00.000012790000,   1.76000,
,,,00.000012800000,   1.76000,
,,,00.000012810000,   1.76000,
,,,00.000012820000,   1.76000,
,,,00.000012830000,   1.68000,
,,,00.000012840000,   1.68000,
,,,00.000012850000,   1.68000,
,,,00.000012860000,   1.60000,
,,,00.000012870000,   1.60000,
,,,00.000012880000,   1.60000,
,,,00.000012890000,   1.52000,
,,,00.000012900000,   1.52000,
,,,00.000012910000,   1.52000,
,,,00.000012920000,   1.44000,
,,,00.000012930000,   1.44000,
,,,00.000012940000,   1.44000,
,,,00.000012950000,   1.36000,
,,,00.000012960000,   1.36000,
,,,00.000012970000,   1.36000,
,,,00.000012980000,   1.36000,
,,,00.000012990000,   1.36000,
,,,00.000013000000,   1.28000,
,,,00.000013010000,   1.28000,
,,,00.000013020000,   1.28000,
,,,00.000013030000,   1.20000,
,,,00.000013040000,   1.20000,
,,,00.000013050000,   1.20000,
,,,00.000013060000,   1.12000,
,,,00.000013070000,   1.12000,
,,,00.000013080000,   1.12000,
,,,00.000013090000,   1.04000,
,,,00.000013100000,   1.04000,
,,,00.000013110000,   1.04000,
,,,00.000013120000,   0.96000,
,,,00.000013130000,   0.96000,
,,,00.000013140000,   0.88000,
,,,00.000013150000,   0.88000,
,,,00.000013160000,   0.88000,
,,,00.000013170000,   0.88000,
,,,00.000013180000,   0.80000,
,,,00.000013190000,   0.80000,
,,,00.000013200000,   0.80000,
,,,00.000013210000,   0.72000,
,,,00.000013220000,   0.72000,
,,,00.000013230000,   0.72000,
,,,00.000013240000,   0.64000,
,,,00.000013250000,   0.64000,
,,,00.000013260000,   0.64000,
,,,00.000013270000,   0.64000,
,,,00.000013280000,   0.56000,
,,,00.000013290000,   0.56000,
,,,00.000013300000,   0.56000,
,,,00.000013310000,   0.48000,
,,,00.000013320000,   0.48000,
,,,00.000013330000,   0.40000,
,,,00.000013340000,   0.40000,
,,,00.000013350000,   0.40000,
,,,00.000013360000,   0.32000,
,,,00.000013370000,   0.32000,
,,,00.000013380000,   0.32000,
,,,00.000013390000,   0.24000,
,,,00.000013400000,   0.24000,
,,,00.000013410000,   0.24000,
,,,00.000013420000,   0.16000,
,,,00.000013430000,   0.16000,
,,,00.000013440000,   0.16000,
,,,00.000013450000,   0.16000,
,,,00.000013460000,   0.08000,
,,,00.000013470000,   0.08000,
,,,00.000013480000,   0.00000,
,,,00.000013490000,   0.00000,
,,,00.000013500000,   0.00000,
,,,00.000013510000,  -0.08000,
,,,00.000013520000,  -0.08000,
,,,00.000013530000,  -0.08000,
,,,00.000013540000,  -0.08000,
,,,00.000013550000,  -0.16000,
,,,00.000013560000,  -0.16000,
,,,00.000013570000,  -0.16000,
,,,00.000013580000,  -0.24000,
,,,00.000013590000,  -0.24000,
,,,00.000013600000,  -0.32000,
,,,00.000013610000,  -0.32000,
,,,00.000013620000,  -0.32000,
,,,00.000013630000,  -0.32000,
,,,00.000013640000,  -0.40000,
,,,00.000013650000,  -0.40000,
,,,00.000013660000,  -0.40000,
,,,00.000013670000,  -0.48000,
,,,00.000013680000,  -0.48000,
,,,00.000013690000,  -0.48000,
,,,00.000013700000,  -0.56000,
,,,00.000013710000,  -0.56000,
,,,00.000013720000,  -0.56000,
,,,00.000013730000,  -0.64000,
,,,00.000013740000,  -0.64000,
,,,00.000013750000,  -0.64000,
,,,00.000013760000,  -0.72000,
,,,00.000013770000,  -0.72000,
,,,00.000013780000,  -0.72000,
,,,00.000013790000,  -0.80000,
,,,00.000013800000,  -0.80000,
,,,00.000013810000,  -0.80000,
,,,00.000013820000,  -0.88000,
,,,00.000013830000,  -0.88000,
,,,00.000013840000,  -0.88000,
,,,00.000013850000,  -0.88000,
,,,00.000013860000,  -0.96000,
,,,00.000013870000,  -0.96000,
,,,00.000013880000,  -0.96000,
,,,00.000013890000,  -1.04000,
,,,00.000013900000,  -1.04000,
,,,00.000013910000,  -1.04000,
,,,00.000013920000,  -1.12000,
,,,00.000013930000,  -1.12000,
,,,00.000013940000,  -1.20000,
,,,00.000013950000,  -1.20000,
,,,00.000013960000,  -1.20000,
,,,00.000013970000,  -1.20000,
,,,00.000013980000,  -1.20000,
,,,00.000013990000,  -1.28000,
,,,00.000014000000,  -1.28000,
,,,00.000014010000,  -1.36000,
,,,00.000014020000,  -1.36000,
,,,00.000014030000,  -1.36000,
,,,00.000014040000,  -1.36000,
,,,00.000014050000,  -1.44000,
,,,00.000014060000,  -1.44000,
,,,00.000014070000,  -1.52000,
,,,00.000014080000,  -1.52000,
,,,00.000014090000,  -1.52000,
,,,00.000014100000,  -1.52000,
,,,00.000014110000,  -1.60000,
,,,00.000014120000,  -1.60000,
,,,00.000014130000,  -1.60000,
,,,00.000014140000,  -1.68000,
,,,00.000014150000,  -1.68000,
,,,00.000014160000,  -1.68000,
,,,00.000014170000,  -1.68000,
,,,00.000014180000,  -1.76000,
,,,00.000014190000,  -1.76000,
,,,00.000014200000,  -1.76000,
,,,00.000014210000,  -1.84000,
,,,00.000014220000,  -1.84000,
,,,00.000014230000,  -1.84000,
,,,00.000014240000,  -1.84000,
,,,00.000014250000,  -1.92000,
,,,00.000014260000,  -1.92000,
,,,00.000014270000,  -1.92000,
,,,00.000014280000,  -2.00000,
,,,00.000014290000,  -2.00000,
,,,00.000014300000,  -2.00000,
,,,00.000014310000,  -2.00000,
,,,00.000014320000,  -2.08000,
,,,00.000014330000,  -2.08000,
,,,00.000014340000,  -2.08000,
,,,00.000014350000,  -2.08000,
,,,00.000014360000,  -2.16000,
,,,00.000014370000,  -2.16000,
,,,00.000014380000,  -2.16000,
,,,00.000014390000,  -2.24000,
,,,00.000014400000,  -2.24000,
,,,00.000014410000,  -2.24000,
,,,00.000014420000,  -2.32000,
,,,00.000014430000,  -2.32000,
,,,00.000014440000,  -2.32000,
,,,00.000014450000,  -2.40000,
,,,00.000014460000,  -2.40000,
,,,00.000014470000,  -2.40000,
,,,00.000014480000,  -2.40000,
,,,00.000014490000,  -2.40000,
,,,00.000014500000,  -2.48000,
,,,00.000014510000,  -2.48000,
,,,00.000014520000,  -2.48000,
,,,00.000014530000,  -2.48000,
,,,00.000014540000,  -2.56000,
,,,00.000014550000,  -2.56000,
,,,00.000014560000,  -2.56000,
,,,00.000014570000,  -2.56000,
,,,00.000014580000,  -2.64000,
,,,00.000014590000,  -2.64000,
,,,00.000014600000,  -2.64000,
,,,00.000014610000,  -2.64000,
,,,00.000014620000,  -2.64000,
,,,00.000014630000,  -2.72000,
,,,00.000014640000,  -2.72000,
,,,00.000014650000,  -2.72000,
,,,00.000014660000,  -2.72000,
,,,00.000014670000,  -2.80000,
,,,00.000014680000,  -2.80000,
,,,00.000014690000,  -2.80000,
,,,00.000014700000,  -2.80000,
,,,00.000014710000,  -2.88000,
,,,00.000014720000,  -2.88000,
,,,00.000014730000,  -2.88000,
,,,00.000014740000,  -2.88000,
,,,00.000014750000,  -2.96000,
,,,00.000014760000,  -2.96000,
,,,00.000014770000,  -2.96000,
,,,00.000014780000,  -2.96000,
,,,00.000014790000,  -2.96000,
,,,00.000014800000,  -3.04000,
,,,00.000014810000,  -3.04000,
,,,00.000014820000,  -3.04000,
,,,00.000014830000,  -3.04000,
,,,00.000014840000,  -3.04000,
,,,00.000014850000,  -3.04000,
,,,00.000014860000,  -3.12000,
,,,00.000014870000,  -3.12000,
,,,00.000014880000,  -3.12000,
,,,00.000014890000,  -3.12000,
,,,00.000014900000,  -3.12000,
,,,00.000014910000,  -3.12000,
,,,00.000014920000,  -3.20000,
,,,00.000014930000,  -3.20000,
,,,00.000014940000,  -3.20000,
,,,00.000014950000,  -3.20000,
,,,00.000014960000,  -3.20000,
,,,00.000014970000,  -3.20000,
,,,00.000014980000,  -3.28000,
,,,00.000014990000,  -3.28000,
,,,00.000015000000,  -3.28000,
,,,00.000015010000,  -3.28000,
,,,00.000015020000,  -3.36000,
,,,00.000015030000,  -3.36000,
,,,00.000015040000,  -3.36000,
,,,00.000015050000,  -3.36000,
,,,00.000015060000,  -3.36000,
,,,00.000015070000,  -3.36000,
,,,00.000015080000,  -3.36000,
,,,00.000015090000,  -3.44000,
,,,00.000015100000,  -3.44000,
,,,00.000015110000,  -3.44000,
,,,00.000015120000,  -3.44000,
,,,00.000015130000,  -3.44000,
,,,00.000015140000,  -3.44000,
,,,00.000015150000,  -3.44000,
,,,00.000015160000,  -3.44000,
,,,00.000015170000,  -3.52000,
,,,00.000015180000,  -3.52000,
,,,00.000015190000,  -3.52000,
,,,00.000015200000,  -3.52000,
,,,00.000015210000,  -3.52000,
,,,00.000015220000,  -3.52000,
,,,00.000015230000,  -3.52000,
,,,00.000015240000,  -3.52000,
,,,00.000015250000,  -3.60000,
,,,00.000015260000,  -3.52000,
,,,00.000015270000,  -3.60000,
,,,00.000015280000,  -3.60000,
,,,00.000015290000,  -3.60000,
,,,00.000015300000,  -3.60000,
,,,00.000015310000,  -3.60000,
,,,00.000015320000,  -3.60000,
,,,00.000015330000,  -3.60000,
,,,00.000015340000,  -3.60000,
,,,00.000015350000,  -3.68000,
,,,00.000015360000,  -3.68000,
,,,00.000015370000,  -3.68000,
,,,00.000015380000,  -3.68000,
,,,00.000015390000,  -3.68000,
,,,00.000015400000,  -3.68000,
,,,00.000015410000,  -3.68000,
,,,00.000015420000,  -3.68000,
,,,00.000015430000,  -3.68000,
,,,00.000015440000,  -3.68000,
,,,00.000015450000,  -3.68000,
,,,00.000015460000,  -3.76000,
,,,00.000015470000,  -3.68000,
,,,00.000015480000,  -3.76000,
,,,00.000015490000,  -3.76000,
,,,00.000015500000,  -3.76000,
,,,00.000015510000,  -3.76000,
,,,00.000015520000,  -3.76000,
,,,00.000015530000,  -3.76000,
,,,00.000015540000,  -3.76000,
,,,00.000015550000,  -3.76000,
,,,00.000015560000,  -3.76000,
,,,00.000015570000,  -3.76000,
,,,00.000015580000,  -3.76000,
,,,00.000015590000,  -3.76000,
,,,00.000015600000,  -3.76000,
,,,00.000015610000,  -3.76000,
,,,00.000015620000,  -3.76000,
,,,00.000015630000,  -3.76000,
,,,00.000015640000,  -3.76000,
,,,00.000015650000,  -3.76000,
,,,00.000015660000,  -3.76000,
,,,00.000015670000,  -3.76000,
,,,00.000015680000,  -3.76000,
,,,00.000015690000,  -3.76000,
,,,00.000015700000,  -3.76000,
,,,00.000015710000,  -3.76000,
,,,00.000015720000,  -3.76000,
,,,00.000015730000,  -3.84000,
,,,00.000015740000,  -3.76000,
,,,00.000015750000,  -3.76000,
,,,00.000015760000,  -3.76000,
,,,00.000015770000,  -3.84000,
,,,00.000015780000,  -3.76000,
,,,00.000015790000,  -3.76000,
,,,00.000015800000,  -3.76000,
,,,00.000015810000,  -3.76000,
,,,00.000015820000,  -3.76000,
,,,00.000015830000,  -3.76000,
,,,00.000015840000,  -3.76000,
,,,00.000015850000,  -3.76000,
,,,00.000015860000,  -3.76000,
,,,00.000015870000,  -3.76000,
,,,00.000015880000,  -3.76000,
,,,00.000015890000,  -3.76000,
,,,00.000015900000,  -3.76000,
,,,00.000015910000,  -3.76000,
,,,00.000015920000,  -3.76000,
,,,00.000015930000,  -3.76000,
,,,00.000015940000,  -3.76000,
,,,00.000015950000,  -3.76000,
,,,00.000015960000,  -3.76000,
,,,00.000015970000,  -3.76000,
,,,00.000015980000,  -3.76000,
,,,00.000015990000,  -3.76000,
,,,00.000016000000,  -3.76000,
,,,00.000016010000,  -3.76000,
,,,00.000016020000,  -3.76000,
,,,00.000016030000,  -3.76000,
,,,00.000016040000,  -3.76000,
,,,00.000016050000,  -3.76000,
,,,00.000016060000,  -3.76000,
,,,00.000016070000,  -3.68000,
,,,00.000016080000,  -3.68000,
,,,00.000016090000,  -3.68000,
,,,00.000016100000,  -3.68000,
,,,00.000016110000,  -3.68000,
,,,00.000016120000,  -3.68000,
,,,00.000016130000,  -3.68000,
,,,00.000016140000,  -3.68000,
,,,00.000016150000,  -3.68000,
,,,00.000016160000,  -3.60000,
,,,00.000016170000,  -3.60000,
,,,00.000016180000,  -3.68000,
,,,00.000016190000,  -3.60000,
,,,00.000016200000,  -3.60000,
,,,00.000016210000,  -3.60000,
,,,00.000016220000,  -3.60000,
,,,00.000016230000,  -3.60000,
,,,00.000016240000,  -3.60000,
,,,00.000016250000,  -3.60000,
,,,00.000016260000,  -3.60000,
,,,00.000016270000,  -3.52000,
,,,00.000016280000,  -3.52000,
,,,00.000016290000,  -3.52000,
,,,00.000016300000,  -3.52000,
,,,00.000016310000,  -3.52000,
,,,00.000016320000,  -3.52000,
,,,00.000016330000,  -3.52000,
,,,00.000016340000,  -3.52000,
,,,00.000016350000,  -3.44000,
,,,00.000016360000,  -3.52000,
,,,00.000016370000,  -3.44000,
,,,00.000016380000,  -3.44000,
,,,00.000016390000,  -3.44000,
,,,00.000016400000,  -3.44000,
,,,00.000016410000,  -3.44000,
,,,00.000016420000,  -3.36000,
,,,00.000016430000,  -3.36000,
,,,00.000016440000,  -3.36000,
,,,00.000016450000,  -3.36000,
,,,00.000016460000,  -3.36000,
,,,00.000016470000,  -3.36000,
,,,00.000016480000,  -3.36000,
,,,00.000016490000,  -3.28000,
,,,00.000016500000,  -3.28000,
,,,00.000016510000,  -3.28000,
,,,00.000016520000,  -3.28000,
,,,00.000016530000,  -3.28000,
,,,00.000016540000,  -3.28000,
,,,00.000016550000,  -3.20000,
,,,00.000016560000,  -3.20000,
,,,00.000016570000,  -3.20000,
,,,00.000016580000,  -3.20000,
,,,00.000016590000,  -3.20000,
,,,00.000016600000,  -3.20000,
,,,00.000016610000,  -3.12000,
,,,00.000016620000,  -3.12000,
,,,00.000016630000,  -3.12000,
,,,00.000016640000,  -3.12000,
,,,00.000016650000,  -3.12000,
,,,00.000016660000,  -3.04000,
,,,00.000016670000,  -3.04000,
,,,00.000016680000,  -3.04000,
,,,00.000016690000,  -3.04000,
,,,00.000016700000,  -3.04000,
,,,00.000016710000,  -3.04000,
,,,00.000016720000,  -2.96000,
,,,00.000016730000,  -2.96000,
,,,00.000016740000,  -2.96000,
,,,00.000016750000,  -2.96000,
,,,00.000016760000,  -2.88000,
,,,00.000016770000,  -2.88000,
,,,00.000016780000,  -2.88000,
,,,00.000016790000,  -2.88000,
,,,00.000016800000,  -2.80000,
,,,00.000016810000,  -2.80000,
,,,00.000016820000,  -2.80000,
,,,00.000016830000,  -2.80000,
,,,00.000016840000,  -2.80000,
,,,00.000016850000,  -2.72000,
,,,00.000016860000,  -2.72000,
,,,00.000016870000,  -2.72000,
,,,00.000016880000,  -2.72000,
,,,00.000016890000,  -2.72000,
,,,00.000016900000,  -2.64000,
,,,00.000016910000,  -2.64000,
,,,00.000016920000,  -2.64000,
,,,00.000016930000,  -2.64000,
,,,00.000016940000,  -2.56000,
,,,00.000016950000,  -2.56000,
,,,00.000016960000,  -2.56000,
,,,00.000016970000,  -2.48000,
,,,00.000016980000,  -2.48000,
,,,00.000016990000,  -2.48000,
,,,00.000017000000,  -2.48000,
,,,00.000017010000,  -2.48000,
,,,00.000017020000,  -2.48000,
,,,00.000017030000,  -2.40000,
,,,00.000017040000,  -2.40000,
,,,00.000017050000,  -2.40000,
,,,00.000017060000,  -2.32000,
,,,00.000017070000,  -2.32000,
,,,00.000017080000,  -2.32000,
,,,00.000017090000,  -2.24000,
,,,00.000017100000,  -2.24000,
,,,00.000017110000,  -2.24000,
,,,00.000017120000,  -2.24000,
,,,00.000017130000,  -2.16000,
,,,00.000017140000,  -2.16000,
,,,00.000017150000,  -2.16000,
,,,00.000017160000,  -2.16000,
,,,00.000017170000,  -2.16000,
,,,00.000017180000,  -2.08000,
,,,00.000017190000,  -2.08000,
,,,00.000017200000,  -2.08000,
,,,00.000017210000,  -2.00000,
,,,00.000017220000,  -2.00000,
,,,00.000017230000,  -2.00000,
,,,00.000017240000,  -1.92000,
,,,00.000017250000,  -1.92000,
,,,00.000017260000,  -1.92000,
,,,00.000017270000,  -1.92000,
,,,00.000017280000,  -1.84000,
,,,00.000017290000,  -1.84000,
,,,00.000017300000,  -1.84000,
,,,00.000017310000,  -1.76000,
,,,00.000017320000,  -1.76000,
,,,00.000017330000,  -1.76000,
,,,00.000017340000,  -1.68000,
,,,00.000017350000,  -1.68000,
,,,00.000017360000,  -1.68000,
,,,00.000017370000,  -1.68000,
,,,00.000017380000,  -1.60000,
,,,00.000017390000,  -1.60000,
,,,00.000017400000,  -1.60000,
,,,00.000017410000,  -1.52000,
,,,00.000017420000,  -1.52000,
,,,00.000017430000,  -1.52000,
,,,00.000017440000,  -1.52000,
,,,00.000017450000,  -1.44000,
,,,00.000017460000,  -1.44000,
,,,00.000017470000,  -1.44000,
,,,00.000017480000,  -1.36000,
,,,00.000017490000,  -1.36000,
,,,00.000017500000,  -1.28000,
,,,00.000017510000,  -1.28000,
,,,00.000017520000,  -1.28000,
,,,00.000017530000,  -1.28000,
,,,00.000017540000,  -1.20000,
,,,00.000017550000,  -1.20000,
,,,00.000017560000,  -1.20000,
,,,00.000017570000,  -1.12000,
,,,00.000017580000,  -1.12000,
,,,00.000017590000,  -1.12000,
,,,00.000017600000,  -1.04000,
,,,00.000017610000,  -1.04000,
,,,00.000017620000,  -1.04000,
,,,00.000017630000,  -0.96000,
,,,00.000017640000,  -0.96000,
,,,00.000017650000,  -0.96000,
,,,00.000017660000,  -0.96000,
,,,00.000017670000,  -0.88000,
,,,00.000017680000,  -0.88000,
,,,00.000017690000,  -0.88000,
,,,00.000017700000,  -0.80000,
,,,00.000017710000,  -0.80000,
,,,00.000017720000,  -0.80000,
,,,00.000017730000,  -0.72000,
,,,00.000017740000,  -0.72000,
,,,00.000017750000,  -0.72000,
,,,00.000017760000,  -0.64000,
,,,00.000017770000,  -0.64000,
,,,00.000017780000,  -0.64000,
,,,00.000017790000,  -0.56000,
,,,00.000017800000,  -0.56000,
,,,00.000017810000,  -0.56000,
,,,00.000017820000,  -0.48000,
,,,00.000017830000,  -0.48000,
,,,00.000017840000,  -0.48000,
,,,00.000017850000,  -0.40000,
,,,00.000017860000,  -0.40000,
,,,00.000017870000,  -0.40000,
,,,00.000017880000,  -0.32000,
,,,00.000017890000,  -0.32000,
,,,00.000017900000,  -0.32000,
,,,00.000017910000,  -0.24000,
,,,00.000017920000,  -0.24000,
,,,00.000017930000,  -0.24000,
,,,00.000017940000,  -0.16000,
,,,00.000017950000,  -0.16000,
,,,00.000017960000,  -0.16000,
,,,00.000017970000,  -0.08000,
,,,00.000017980000,  -0.08000,
,,,00.000017990000,  -0.08000,
,,,00.000018000000,   0.00000,
,,,00.000018010000,   0.00000,
,,,00.000018020000,   0.00000,
,,,00.000018030000,   0.08000,
,,,00.000018040000,   0.08000,
,,,00.000018050000,   0.08000,
,,,00.000018060000,   0.16000,
,,,00.000018070000,   0.16000,
,,,00.000018080000,   0.16000,
,,,00.000018090000,   0.24000,
,,,00.000018100000,   0.24000,
,,,00.000018110000,   0.24000,
,,,00.000018120000,   0.32000,
,,,00.000018130000,   0.32000,
,,,00.000018140000,   0.32000,
,,,00.000018150000,   0.40000,
,,,00.000018160000,   0.40000,
,,,00.000018170000,   0.40000,
,,,00.000018180000,   0.48000,
,,,00.000018190000,   0.48000,
,,,00.000018200000,   0.48000,
,,,00.000018210000,   0.56000,
,,,00.000018220000,   0.56000,
,,,00.000018230000,   0.56000,
,,,00.000018240000,   0.56000,
,,,00.000018250000,   0.64000,
,,,00.000018260000,   0.64000,
,,,00.000018270000,   0.64000,
,,,00.000018280000,   0.72000,
,,,00.000018290000,   0.72000,
,,,00.000018300000,   0.72000,
,,,00.000018310000,   0.80000,
,,,00.000018320000,   0.80000,
,,,00.000018330000,   0.88000,
,,,00.000018340000,   0.80000,
,,,00.000018350000,   0.88000,
,,,00.000018360000,   0.88000,
,,,00.000018370000,   0.96000,
,,,00.000018380000,   0.96000,
,,,00.000018390000,   0.96000,
,,,00.000018400000,   1.04000,
,,,00.000018410000,   1.04000,
,,,00.000018420000,   1.04000,
,,,00.000018430000,   1.04000,
,,,00.000018440000,   1.12000,
,,,00.000018450000,   1.12000,
,,,00.000018460000,   1.20000,
,,,00.000018470000,   1.20000,
,,,00.000018480000,   1.20000,
,,,00.000018490000,   1.20000,
,,,00.000018500000,   1.28000,
,,,00.000018510000,   1.28000,
,,,00.000018520000,   1.28000,
,,,00.000018530000,   1.36000,
,,,00.000018540000,   1.36000,
,,,00.000018550000,   1.36000,
,,,00.000018560000,   1.44000,
,,,00.000018570000,   1.44000,
,,,00.000018580000,   1.44000,
,,,00.000018590000,   1.52000,
,,,00.000018600000,   1.52000,
,,,00.000018610000,   1.52000,
,,,00.000018620000,   1.60000,
,,,00.000018630000,   1.60000,
,,,00.000018640000,   1.60000,
,,,00.000018650000,   1.60000,
,,,00.000018660000,   1.60000,
,,,00.000018670000,   1.68000,
,,,00.000018680000,   1.68000,
,,,00.000018690000,   1.76000,
,,,00.000018700000,   1.76000,
,,,00.000018710000,   1.76000,
,,,00.000018720000,   1.84000,
,,,00.000018730000,   1.84000,
,,,00.000018740000,   1.84000,
,,,00.000018750000,   1.84000,
,,,00.000018760000,   1.84000,
,,,00.000018770000,   1.92000,
,,,00.000018780000,   1.92000,
,,,00.000018790000,   1.92000,
,,,00.000018800000,   2.00000,
,,,00.000018810000,   2.00000,
,,,00.000018820000,   2.00000,
,,,00.000018830000,   2.08000,
,,,00.000018840000,   2.08000,
,,,00.000018850000,   2.08000,
,,,00.000018860000,   2.16000,
,,,00.000018870000,   2.16000,
,,,00.000018880000,   2.16000,
,,,00.000018890000,   2.16000,
,,,00.000018900000,   2.24000,
,,,00.000018910000,   2.24000,
,,,00.000018920000,   2.24000,
,,,00.000018930000,   2.32000,
,,,00.000018940000,   2.32000,
,,,00.000018950000,   2.32000,
,,,00.000018960000,   2.32000,
,,,00.000018970000,   2.32000,
,,,00.000018980000,   2.40000,
,,,00.000018990000,   2.40000,
,,,00.000019000000,   2.40000,
,,,00.000019010000,   2.48000,
,,,00.000019020000,   2.48000,
,,,00.000019030000,   2.48000,
,,,00.000019040000,   2.56000,
,,,00.000019050000,   2.48000,
,,,00.000019060000,   2.56000,
,,,00.000019070000,   2.56000,
,,,00.000019080000,   2.56000,
,,,00.000019090000,   2.64000,
,,,00.000019100000,   2.64000,
,,,00.000019110000,   2.64000,
,,,00.000019120000,   2.64000,
,,,00.000019130000,   2.72000,
,,,00.000019140000,   2.72000,
,,,00.000019150000,   2.72000,
,,,00.000019160000,   2.72000,
,,,00.000019170000,   2.72000,
,,,00.000019180000,   2.80000,
,,,00.000019190000,   2.80000,
,,,00.000019200000,   2.80000,
,,,00.000019210000,   2.88000,
,,,00.000019220000,   2.88000,
,,,00.000019230000,   2.88000,
,,,00.000019240000,   2.88000,
,,,00.000019250000,   2.88000,
,,,00.000019260000,   2.96000,
,,,00.000019270000,   2.96000,
,,,00.000019280000,   2.96000,
,,,00.000019290000,   2.96000,
,,,00.000019300000,   3.04000,
,,,00.000019310000,   3.04000,
,,,00.000019320000,   3.04000,
,,,00.000019330000,   3.04000,
,,,00.000019340000,   3.04000,
,,,00.000019350000,   3.04000,
,,,00.000019360000,   3.12000,
,,,00.000019370000,   3.12000,
,,,00.000019380000,   3.12000,
,,,00.000019390000,   3.12000,
,,,00.000019400000,   3.12000,
,,,00.000019410000,   3.20000,
,,,00.000019420000,   3.20000,
,,,00.000019430000,   3.20000,
,,,00.000019440000,   3.20000,
,,,00.000019450000,   3.20000,
,,,00.000019460000,   3.28000,
,,,00.000019470000,   3.28000,
,,,00.000019480000,   3.28000,
,,,00.000019490000,   3.28000,
,,,00.000019500000,   3.28000,
,,,00.000019510000,   3.28000,
,,,00.000019520000,   3.36000,
,,,00.000019530000,   3.36000,
,,,00.000019540000,   3.36000,
,,,00.000019550000,   3.36000,
,,,00.000019560000,   3.44000,
,,,00.000019570000,   3.36000,
,,,00.000019580000,   3.44000,
,,,00.000019590000,   3.44000,
,,,00.000019600000,   3.44000,
,,,00.000019610000,   3.44000,
,,,00.000019620000,   3.44000,
,,,00.000019630000,   3.44000,
,,,00.000019640000,   3.52000,
,,,00.000019650000,   3.52000,
,,,00.000019660000,   3.52000,
,,,00.000019670000,   3.52000,
,,,00.000019680000,   3.52000,
,,,00.000019690000,   3.60000,
,,,00.000019700000,   3.52000,
,,,00.000019710000,   3.60000,
,,,00.000019720000,   3.60000,
,,,00.000019730000,   3.60000,
,,,00.000019740000,   3.60000,
,,,00.000019750000,   3.60000,
,,,00.000019760000,   3.60000,
,,,00.000019770000,   3.60000,
,,,00.000019780000,   3.68000,
,,,00.000019790000,   3.68000,
,,,00.000019800000,   3.60000,
,,,00.000019810000,   3.68000,
,,,00.000019820000,   3.68000,
,,,00.000019830000,   3.68000,
,,,00.000019840000,   3.68000,
,,,00.000019850000,   3.68000,
,,,00.000019860000,   3.68000,
,,,00.000019870000,   3.76000,
,,,00.000019880000,   3.68000,
,,,00.000019890000,   3.76000,
