Record Length,2.500000e+03,,   0.000014600000,   0.16000,
Sample Interval,4.000000e-09,,   0.000014604000,   0.16000,
Trigger Point,-3.650000000000e+03,,   0.000014608000,   0.16000,
,,,   0.000014612000,   0.16000,
,,,   0.000014616000,   0.16000,
,,,   0.000014620000,   0.16000,
Source,CH1,,   0.000014624000,   0.16000,
Vertical Units,V,,   0.000014628000,   0.16000,
Vertical Scale,2.000000e+00,,   0.000014632000,   0.16000,
Vertical Offset,-2.400000e-01,,   0.000014636000,   0.16000,
Horizontal Units,s,,   0.000014640000,   0.16000,
Horizontal Scale,1.000000e-06,,   0.000014644000,   0.16000,
Pt Fmt,Y,,   0.000014648000,   0.16000,
Yzero,0.000000e+00,,   0.000014652000,   0.16000,
Probe Atten,1.000000e+01,,   0.000014656000,   0.16000,
Model Number,TDS2012C,,   0.000014660000,   0.16000,
Serial Number,C050125,,   0.000014664000,   0.16000,
Firmware Version,FV:v24.26,,   0.000014668000,   0.16000,
,,,0.000014672000,   0.16000,
,,,0.000014676000,   0.16000,
,,,0.000014680000,   0.16000,
,,,0.000014684000,   0.16000,
,,,0.000014688000,   0.16000,
,,,0.000014692000,   0.16000,
,,,0.000014696000,   0.16000,
,,,0.000014700000,   0.16000,
,,,0.000014704000,   0.16000,
,,,0.000014708000,   0.08000,
,,,0.000014712000,   0.16000,
,,,0.000014716000,   0.16000,
,,,0.000014720000,   0.16000,
,,,0.000014724000,   0.16000,
,,,0.000014728000,   0.16000,
,,,0.000014732000,   0.16000,
,,,0.000014736000,   0.16000,
,,,0.000014740000,   0.16000,
,,,0.000014744000,   0.16000,
,,,0.000014748000,   0.16000,
,,,0.000014752000,   0.16000,
,,,0.000014756000,   0.16000,
,,,0.000014760000,   0.16000,
,,,0.000014764000,   0.16000,
,,,0.000014768000,   0.16000,
,,,0.000014772000,   0.16000,
,,,0.000014776000,   0.16000,
,,,0.000014780000,   0.16000,
,,,0.000014784000,   0.16000,
,,,0.000014788000,   0.16000,
,,,0.000014792000,   0.16000,
,,,0.000014796000,   0.16000,
,,,0.000014800000,   0.16000,
,,,0.000014804000,   0.16000,
,,,0.000014808000,   0.16000,
,,,0.000014812000,   0.16000,
,,,0.000014816000,   0.16000,
,,,0.000014820000,   0.16000,
,,,0.000014824000,   0.16000,
,,,0.000014828000,   0.16000,
,,,0.000014832000,   0.16000,
,,,0.000014836000,   0.16000,
,,,0.000014840000,   0.16000,
,,,0.000014844000,   0.16000,
,,,0.000014848000,   0.16000,
,,,0.000014852000,   0.16000,
,,,0.000014856000,   0.16000,
,,,0.000014860000,   0.16000,
,,,0.000014864000,   0.16000,
,,,0.000014868000,   0.16000,
,,,0.000014872000,   0.16000,
,,,0.000014876000,   0.16000,
,,,0.000014880000,   0.16000,
,,,0.000014884000,   0.16000,
,,,0.000014888000,   0.16000,
,,,0.000014892000,   0.16000,
,,,0.000014896000,   0.16000,
,,,0.000014900000,   0.16000,
,,,0.000014904000,   0.16000,
,,,0.000014908000,   0.16000,
,,,0.000014912000,   0.16000,
,,,0.000014916000,   0.16000,
,,,0.000014920000,   0.16000,
,,,0.000014924000,   0.16000,
,,,0.000014928000,   0.16000,
,,,0.000014932000,   0.16000,
,,,0.000014936000,   0.16000,
,,,0.000014940000,   0.16000,
,,,0.000014944000,   0.16000,
,,,0.000014948000,   0.16000,
,,,0.000014952000,   0.16000,
,,,0.000014956000,   0.16000,
,,,0.000014960000,   0.16000,
,,,0.000014964000,   0.16000,
,,,0.000014968000,   0.16000,
,,,0.000014972000,   0.16000,
,,,0.000014976000,   0.16000,
,,,0.000014980000,   0.16000,
,,,0.000014984000,   0.16000,
,,,0.000014988000,   0.16000,
,,,0.000014992000,   0.16000,
,,,0.000014996000,   0.16000,
,,,0.000015000000,   0.16000,
,,,0.000015004000,   0.16000,
,,,0.000015008000,   0.16000,
,,,0.000015012000,   0.16000,
,,,0.000015016000,   0.16000,
,,,0.000015020000,   0.16000,
,,,0.000015024000,   0.16000,
,,,0.000015028000,   0.16000,
,,,0.000015032000,   0.16000,
,,,0.000015036000,   0.16000,
,,,0.000015040000,   0.16000,
,,,0.000015044000,   0.16000,
,,,0.000015048000,   0.16000,
,,,0.000015052000,   0.16000,
,,,0.000015056000,   0.16000,
,,,0.000015060000,   0.16000,
,,,0.000015064000,   0.16000,
,,,0.000015068000,   0.16000,
,,,0.000015072000,   0.16000,
,,,0.000015076000,   0.16000,
,,,0.000015080000,   0.16000,
,,,0.000015084000,   0.16000,
,,,0.000015088000,   0.16000,
,,,0.000015092000,   0.16000,
,,,0.000015096000,   0.16000,
,,,0.000015100000,   0.16000,
,,,0.000015104000,   0.16000,
,,,0.000015108000,   0.16000,
,,,0.000015112000,   0.16000,
,,,0.000015116000,   0.16000,
,,,0.000015120000,   0.16000,
,,,0.000015124000,   0.16000,
,,,0.000015128000,   0.16000,
,,,0.000015132000,   0.16000,
,,,0.000015136000,   0.16000,
,,,0.000015140000,   0.16000,
,,,0.000015144000,   0.16000,
,,,0.000015148000,   0.16000,
,,,0.000015152000,   0.16000,
,,,0.000015156000,   0.16000,
,,,0.000015160000,   0.16000,
,,,0.000015164000,   0.16000,
,,,0.000015168000,   0.16000,
,,,0.000015172000,   0.16000,
,,,0.000015176000,   0.16000,
,,,0.000015180000,   0.16000,
,,,0.000015184000,   0.16000,
,,,0.000015188000,   0.16000,
,,,0.000015192000,   0.16000,
,,,0.000015196000,   0.16000,
,,,0.000015200000,   0.16000,
,,,0.000015204000,   0.16000,
,,,0.000015208000,   0.16000,
,,,0.000015212000,   0.16000,
,,,0.000015216000,   0.16000,
,,,0.000015220000,   0.16000,
,,,0.000015224000,   0.16000,
,,,0.000015228000,   0.16000,
,,,0.000015232000,   0.16000,
,,,0.000015236000,   0.16000,
,,,0.000015240000,   0.16000,
,,,0.000015244000,   0.16000,
,,,0.000015248000,   0.16000,
,,,0.000015252000,   0.16000,
,,,0.000015256000,   0.16000,
,,,0.000015260000,   0.16000,
,,,0.000015264000,   0.16000,
,,,0.000015268000,   0.08000,
,,,0.000015272000,   0.16000,
,,,0.000015276000,   0.16000,
,,,0.000015280000,   0.16000,
,,,0.000015284000,   0.16000,
,,,0.000015288000,   0.16000,
,,,0.000015292000,   0.16000,
,,,0.000015296000,   0.16000,
,,,0.000015300000,   0.16000,
,,,0.000015304000,   0.16000,
,,,0.000015308000,   0.16000,
,,,0.000015312000,   0.16000,
,,,0.000015316000,   0.16000,
,,,0.000015320000,   0.16000,
,,,0.000015324000,   0.16000,
,,,0.000015328000,   0.16000,
,,,0.000015332000,   0.16000,
,,,0.000015336000,   0.16000,
,,,0.000015340000,   0.16000,
,,,0.000015344000,   0.16000,
,,,0.000015348000,   0.16000,
,,,0.000015352000,   0.16000,
,,,0.000015356000,   0.16000,
,,,0.000015360000,   0.16000,
,,,0.000015364000,   0.16000,
,,,0.000015368000,   0.16000,
,,,0.000015372000,   0.16000,
,,,0.000015376000,   0.16000,
,,,0.000015380000,   0.16000,
,,,0.000015384000,   0.16000,
,,,0.000015388000,   0.16000,
,,,0.000015392000,   0.16000,
,,,0.000015396000,   0.16000,
,,,0.000015400000,   0.16000,
,,,0.000015404000,   0.16000,
,,,0.000015408000,   0.16000,
,,,0.000015412000,   0.16000,
,,,0.000015416000,   0.16000,
,,,0.000015420000,   0.16000,
,,,0.000015424000,   0.16000,
,,,0.000015428000,   0.16000,
,,,0.000015432000,   0.16000,
,,,0.000015436000,   0.16000,
,,,0.000015440000,   0.16000,
,,,0.000015444000,   0.16000,
,,,0.000015448000,   0.16000,
,,,0.000015452000,   0.16000,
,,,0.000015456000,   0.16000,
,,,0.000015460000,   0.16000,
,,,0.000015464000,   0.16000,
,,,0.000015468000,   0.16000,
,,,0.000015472000,   0.16000,
,,,0.000015476000,   0.16000,
,,,0.000015480000,   0.16000,
,,,0.000015484000,   0.08000,
,,,0.000015488000,   0.16000,
,,,0.000015492000,   0.16000,
,,,0.000015496000,   0.16000,
,,,0.000015500000,   0.08000,
,,,0.000015504000,   0.16000,
,,,0.000015508000,   0.16000,
,,,0.000015512000,   0.16000,
,,,0.000015516000,   0.16000,
,,,0.000015520000,   0.16000,
,,,0.000015524000,   0.16000,
,,,0.000015528000,   0.16000,
,,,0.000015532000,   0.08000,
,,,0.000015536000,   0.16000,
,,,0.000015540000,   0.16000,
,,,0.000015544000,   0.16000,
,,,0.000015548000,   0.08000,
,,,0.000015552000,   0.16000,
,,,0.000015556000,   0.16000,
,,,0.000015560000,   0.16000,
,,,0.000015564000,   0.16000,
,,,0.000015568000,   0.16000,
,,,0.000015572000,   0.16000,
,,,0.000015576000,   0.16000,
,,,0.000015580000,   0.16000,
,,,0.000015584000,   0.16000,
,,,0.000015588000,   0.16000,
,,,0.000015592000,   0.16000,
,,,0.000015596000,   0.08000,
,,,0.000015600000,   0.16000,
,,,0.000015604000,   0.16000,
,,,0.000015608000,   0.16000,
,,,0.000015612000,   0.16000,
,,,0.000015616000,   0.08000,
,,,0.000015620000,   0.16000,
,,,0.000015624000,   0.16000,
,,,0.000015628000,   0.16000,
,,,0.000015632000,   0.16000,
,,,0.000015636000,   0.16000,
,,,0.000015640000,   0.16000,
,,,0.000015644000,   0.16000,
,,,0.000015648000,   0.16000,
,,,0.000015652000,   0.16000,
,,,0.000015656000,   0.16000,
,,,0.000015660000,   0.16000,
,,,0.000015664000,   0.08000,
,,,0.000015668000,   0.16000,
,,,0.000015672000,   0.08000,
,,,0.000015676000,   0.16000,
,,,0.000015680000,   0.16000,
,,,0.000015684000,   0.16000,
,,,0.000015688000,   0.08000,
,,,0.000015692000,   0.16000,
,,,0.000015696000,   0.08000,
,,,0.000015700000,   0.16000,
,,,0.000015704000,   0.16000,
,,,0.000015708000,   0.16000,
,,,0.000015712000,   0.08000,
,,,0.000015716000,   0.16000,
,,,0.000015720000,   0.16000,
,,,0.000015724000,   0.16000,
,,,0.000015728000,   0.16000,
,,,0.000015732000,   0.16000,
,,,0.000015736000,   0.16000,
,,,0.000015740000,   0.16000,
,,,0.000015744000,   0.08000,
,,,0.000015748000,   0.16000,
,,,0.000015752000,   0.16000,
,,,0.000015756000,   0.16000,
,,,0.000015760000,   0.16000,
,,,0.000015764000,   0.08000,
,,,0.000015768000,   0.16000,
,,,0.000015772000,   0.16000,
,,,0.000015776000,   0.16000,
,,,0.000015780000,   0.08000,
,,,0.000015784000,   0.16000,
,,,0.000015788000,   0.08000,
,,,0.000015792000,   0.16000,
,,,0.000015796000,   0.08000,
,,,0.000015800000,   0.16000,
,,,0.000015804000,   0.08000,
,,,0.000015808000,   0.16000,
,,,0.000015812000,   0.16000,
,,,0.000015816000,   0.16000,
,,,0.000015820000,   0.08000,
,,,0.000015824000,   0.16000,
,,,0.000015828000,   0.08000,
,,,0.000015832000,   0.08000,
,,,0.000015836000,   0.16000,
,,,0.000015840000,   0.16000,
,,,0.000015844000,   0.08000,
,,,0.000015848000,   0.08000,
,,,0.000015852000,   0.16000,
,,,0.000015856000,   0.16000,
,,,0.000015860000,   0.16000,
,,,0.000015864000,   0.16000,
,,,0.000015868000,   0.16000,
,,,0.000015872000,   0.16000,
,,,0.000015876000,   0.16000,
,,,0.000015880000,   0.08000,
,,,0.000015884000,   0.16000,
,,,0.000015888000,   0.08000,
,,,0.000015892000,   0.16000,
,,,0.000015896000,   0.08000,
,,,0.000015900000,   0.16000,
,,,0.000015904000,   0.08000,
,,,0.000015908000,   0.16000,
,,,0.000015912000,   0.08000,
,,,0.000015916000,   0.16000,
,,,0.000015920000,   0.08000,
,,,0.000015924000,   0.16000,
,,,0.000015928000,   0.08000,
,,,0.000015932000,   0.16000,
,,,0.000015936000,   0.08000,
,,,0.000015940000,   0.16000,
,,,0.000015944000,   0.08000,
,,,0.000015948000,   0.16000,
,,,0.000015952000,   0.08000,
,,,0.000015956000,   0.16000,
,,,0.000015960000,   0.08000,
,,,0.000015964000,   0.16000,
,,,0.000015968000,   0.16000,
,,,0.000015972000,   0.16000,
,,,0.000015976000,   0.08000,
,,,0.000015980000,   0.16000,
,,,0.000015984000,   0.16000,
,,,0.000015988000,   0.16000,
,,,0.000015992000,   0.08000,
,,,0.000015996000,   0.16000,
,,,0.000016000000,   0.16000,
,,,0.000016004000,   0.16000,
,,,0.000016008000,   0.08000,
,,,0.000016012000,   0.08000,
,,,0.000016016000,   0.16000,
,,,0.000016020000,   0.08000,
,,,0.000016024000,   0.16000,
,,,0.000016028000,   0.08000,
,,,0.000016032000,   0.08000,
,,,0.000016036000,   0.08000,
,,,0.000016040000,   0.16000,
,,,0.000016044000,   0.08000,
,,,0.000016048000,   0.16000,
,,,0.000016052000,   0.08000,
,,,0.000016056000,   0.16000,
,,,0.000016060000,   0.08000,
,,,0.000016064000,   0.16000,
,,,0.000016068000,   0.08000,
,,,0.000016072000,   0.16000,
,,,0.000016076000,   0.08000,
,,,0.000016080000,   0.16000,
,,,0.000016084000,   0.08000,
,,,0.000016088000,   0.16000,
,,,0.000016092000,   0.08000,
,,,0.000016096000,   0.08000,
,,,0.000016100000,   0.08000,
,,,0.000016104000,   0.16000,
,,,0.000016108000,   0.08000,
,,,0.000016112000,   0.08000,
,,,0.000016116000,   0.08000,
,,,0.000016120000,   0.16000,
,,,0.000016124000,   0.08000,
,,,0.000016128000,   0.08000,
,,,0.000016132000,   0.16000,
,,,0.000016136000,   0.16000,
,,,0.000016140000,   0.08000,
,,,0.000016144000,   0.08000,
,,,0.000016148000,   0.16000,
,,,0.000016152000,   0.08000,
,,,0.000016156000,   0.08000,
,,,0.000016160000,   0.08000,
,,,0.000016164000,   0.16000,
,,,0.000016168000,   0.08000,
,,,0.000016172000,   0.08000,
,,,0.000016176000,   0.08000,
,,,0.000016180000,   0.16000,
,,,0.000016184000,   0.08000,
,,,0.000016188000,   0.08000,
,,,0.000016192000,   0.08000,
,,,0.000016196000,   0.16000,
,,,0.000016200000,   0.08000,
,,,0.000016204000,   0.08000,
,,,0.000016208000,   0.08000,
,,,0.000016212000,   0.16000,
,,,0.000016216000,   0.08000,
,,,0.000016220000,   0.16000,
,,,0.000016224000,   0.08000,
,,,0.000016228000,   0.16000,
,,,0.000016232000,   0.08000,
,,,0.000016236000,   0.16000,
,,,0.000016240000,   0.08000,
,,,0.000016244000,   0.08000,
,,,0.000016248000,   0.08000,
,,,0.000016252000,   0.08000,
,,,0.000016256000,   0.08000,
,,,0.000016260000,   0.16000,
,,,0.000016264000,   0.08000,
,,,0.000016268000,   0.08000,
,,,0.000016272000,   0.08000,
,,,0.000016276000,   0.08000,
,,,0.000016280000,   0.16000,
,,,0.000016284000,   0.08000,
,,,0.000016288000,   0.08000,
,,,0.000016292000,   0.08000,
,,,0.000016296000,   0.16000,
,,,0.000016300000,   0.08000,
,,,0.000016304000,   0.08000,
,,,0.000016308000,   0.08000,
,,,0.000016312000,   0.08000,
,,,0.000016316000,   0.08000,
,,,0.000016320000,   0.08000,
,,,0.000016324000,   0.08000,
,,,0.000016328000,   0.16000,
,,,0.000016332000,   0.08000,
,,,0.000016336000,   0.08000,
,,,0.000016340000,   0.08000,
,,,0.000016344000,   0.08000,
,,,0.000016348000,   0.08000,
,,,0.000016352000,   0.16000,
,,,0.000016356000,   0.08000,
,,,0.000016360000,   0.08000,
,,,0.000016364000,   0.08000,
,,,0.000016368000,   0.08000,
,,,0.000016372000,   0.08000,
,,,0.000016376000,   0.08000,
,,,0.000016380000,   0.08000,
,,,0.000016384000,   0.08000,
,,,0.000016388000,   0.08000,
,,,0.000016392000,   0.08000,
,,,0.000016396000,   0.08000,
,,,0.000016400000,   0.08000,
,,,0.000016404000,   0.08000,
,,,0.000016408000,   0.08000,
,,,0.000016412000,   0.08000,
,,,0.000016416000,   0.08000,
,,,0.000016420000,   0.08000,
,,,0.000016424000,   0.08000,
,,,0.000016428000,   0.08000,
,,,0.000016432000,   0.08000,
,,,0.000016436000,   0.16000,
,,,0.000016440000,   0.08000,
,,,0.000016444000,   0.08000,
,,,0.000016448000,   0.08000,
,,,0.000016452000,   0.16000,
,,,0.000016456000,   0.08000,
,,,0.000016460000,   0.08000,
,,,0.000016464000,   0.08000,
,,,0.000016468000,   0.16000,
,,,0.000016472000,   0.08000,
,,,0.000016476000,   0.08000,
,,,0.000016480000,   0.08000,
,,,0.000016484000,   0.08000,
,,,0.000016488000,   0.08000,
,,,0.000016492000,   0.08000,
,,,0.000016496000,   0.08000,
,,,0.000016500000,   0.08000,
,,,0.000016504000,   0.08000,
,,,0.000016508000,   0.08000,
,,,0.000016512000,   0.08000,
,,,0.000016516000,   0.08000,
,,,0.000016520000,   0.08000,
,,,0.000016524000,   0.08000,
,,,0.000016528000,   0.08000,
,,,0.000016532000,   0.08000,
,,,0.000016536000,   0.08000,
,,,0.000016540000,   0.08000,
,,,0.000016544000,   0.08000,
,,,0.000016548000,   0.08000,
,,,0.000016552000,   0.08000,
,,,0.000016556000,   0.08000,
,,,0.000016560000,   0.08000,
,,,0.000016564000,   0.08000,
,,,0.000016568000,   0.08000,
,,,0.000016572000,   0.08000,
,,,0.000016576000,   0.08000,
,,,0.000016580000,   0.08000,
,,,0.000016584000,   0.08000,
,,,0.000016588000,   0.08000,
,,,0.000016592000,   0.08000,
,,,0.000016596000,   0.08000,
,,,0.000016600000,   0.08000,
,,,0.000016604000,   0.08000,
,,,0.000016608000,   0.08000,
,,,0.000016612000,   0.08000,
,,,0.000016616000,   0.08000,
,,,0.000016620000,   0.08000,
,,,0.000016624000,   0.08000,
,,,0.000016628000,   0.08000,
,,,0.000016632000,   0.08000,
,,,0.000016636000,   0.08000,
,,,0.000016640000,   0.08000,
,,,0.000016644000,   0.08000,
,,,0.000016648000,   0.08000,
,,,0.000016652000,   0.08000,
,,,0.000016656000,   0.08000,
,,,0.000016660000,   0.08000,
,,,0.000016664000,   0.08000,
,,,0.000016668000,   0.08000,
,,,0.000016672000,   0.08000,
,,,0.000016676000,   0.08000,
,,,0.000016680000,   0.08000,
,,,0.000016684000,   0.08000,
,,,0.000016688000,   0.08000,
,,,0.000016692000,   0.08000,
,,,0.000016696000,   0.08000,
,,,0.000016700000,   0.08000,
,,,0.000016704000,   0.08000,
,,,0.000016708000,   0.08000,
,,,0.000016712000,   0.08000,
,,,0.000016716000,   0.08000,
,,,0.000016720000,   0.08000,
,,,0.000016724000,   0.08000,
,,,0.000016728000,   0.08000,
,,,0.000016732000,   0.08000,
,,,0.000016736000,   0.08000,
,,,0.000016740000,   0.08000,
,,,0.000016744000,   0.08000,
,,,0.000016748000,   0.08000,
,,,0.000016752000,   0.08000,
,,,0.000016756000,   0.08000,
,,,0.000016760000,   0.08000,
,,,0.000016764000,   0.08000,
,,,0.000016768000,   0.08000,
,,,0.000016772000,   0.08000,
,,,0.000016776000,   0.08000,
,,,0.000016780000,   0.08000,
,,,0.000016784000,   0.08000,
,,,0.000016788000,   0.08000,
,,,0.000016792000,   0.08000,
,,,0.000016796000,   0.08000,
,,,0.000016800000,   0.08000,
,,,0.000016804000,   0.08000,
,,,0.000016808000,   0.08000,
,,,0.000016812000,   0.08000,
,,,0.000016816000,   0.08000,
,,,0.000016820000,   0.08000,
,,,0.000016824000,   0.08000,
,,,0.000016828000,   0.08000,
,,,0.000016832000,   0.08000,
,,,0.000016836000,   0.08000,
,,,0.000016840000,   0.08000,
,,,0.000016844000,   0.08000,
,,,0.000016848000,   0.08000,
,,,0.000016852000,   0.08000,
,,,0.000016856000,   0.08000,
,,,0.000016860000,   0.08000,
,,,0.000016864000,   0.08000,
,,,0.000016868000,   0.08000,
,,,0.000016872000,   0.08000,
,,,0.000016876000,   0.08000,
,,,0.000016880000,   0.08000,
,,,0.000016884000,   0.08000,
,,,0.000016888000,   0.08000,
,,,0.000016892000,   0.08000,
,,,0.000016896000,   0.08000,
,,,0.000016900000,   0.08000,
,,,0.000016904000,   0.08000,
,,,0.000016908000,   0.08000,
,,,0.000016912000,   0.08000,
,,,0.000016916000,   0.08000,
,,,0.000016920000,   0.08000,
,,,0.000016924000,   0.08000,
,,,0.000016928000,   0.08000,
,,,0.000016932000,   0.08000,
,,,0.000016936000,   0.08000,
,,,0.000016940000,   0.08000,
,,,0.000016944000,   0.08000,
,,,0.000016948000,   0.08000,
,,,0.000016952000,   0.08000,
,,,0.000016956000,   0.08000,
,,,0.000016960000,   0.08000,
,,,0.000016964000,   0.08000,
,,,0.000016968000,   0.08000,
,,,0.000016972000,   0.08000,
,,,0.000016976000,   0.08000,
,,,0.000016980000,   0.08000,
,,,0.000016984000,   0.08000,
,,,0.000016988000,   0.08000,
,,,0.000016992000,   0.08000,
,,,0.000016996000,   0.08000,
,,,0.000017000000,   0.08000,
,,,0.000017004000,   0.08000,
,,,0.000017008000,   0.00000,
,,,0.000017012000,   0.08000,
,,,0.000017016000,   0.08000,
,,,0.000017020000,   0.08000,
,,,0.000017024000,   0.08000,
,,,0.000017028000,   0.08000,
,,,0.000017032000,   0.08000,
,,,0.000017036000,   0.08000,
,,,0.000017040000,   0.08000,
,,,0.000017044000,   0.08000,
,,,0.000017048000,   0.08000,
,,,0.000017052000,   0.08000,
,,,0.000017056000,   0.08000,
,,,0.000017060000,   0.08000,
,,,0.000017064000,   0.08000,
,,,0.000017068000,   0.00000,
,,,0.000017072000,   0.08000,
,,,0.000017076000,   0.00000,
,,,0.000017080000,   0.08000,
,,,0.000017084000,   0.00000,
,,,0.000017088000,   0.08000,
,,,0.000017092000,   0.08000,
,,,0.000017096000,   0.08000,
,,,0.000017100000,   0.08000,
,,,0.000017104000,   0.08000,
,,,0.000017108000,   0.08000,
,,,0.000017112000,   0.08000,
,,,0.000017116000,   0.08000,
,,,0.000017120000,   0.08000,
,,,0.000017124000,   0.08000,
,,,0.000017128000,   0.08000,
,,,0.000017132000,   0.00000,
,,,0.000017136000,   0.08000,
,,,0.000017140000,   0.00000,
,,,0.000017144000,   0.08000,
,,,0.000017148000,   0.00000,
,,,0.000017152000,   0.08000,
,,,0.000017156000,   0.00000,
,,,0.000017160000,   0.08000,
,,,0.000017164000,   0.00000,
,,,0.000017168000,   0.08000,
,,,0.000017172000,   0.08000,
,,,0.000017176000,   0.08000,
,,,0.000017180000,   0.08000,
,,,0.000017184000,   0.08000,
,,,0.000017188000,   0.08000,
,,,0.000017192000,   0.08000,
,,,0.000017196000,   0.00000,
,,,0.000017200000,   0.00000,
,,,0.000017204000,   0.08000,
,,,0.000017208000,   0.08000,
,,,0.000017212000,   0.08000,
,,,0.000017216000,   0.00000,
,,,0.000017220000,   0.08000,
,,,0.000017224000,   0.00000,
,,,0.000017228000,   0.08000,
,,,0.000017232000,   0.08000,
,,,0.000017236000,   0.08000,
,,,0.000017240000,   0.00000,
,,,0.000017244000,   0.08000,
,,,0.000017248000,   0.00000,
,,,0.000017252000,   0.08000,
,,,0.000017256000,   0.00000,
,,,0.000017260000,   0.08000,
,,,0.000017264000,   0.00000,
,,,0.000017268000,   0.08000,
,,,0.000017272000,   0.00000,
,,,0.000017276000,   0.00000,
,,,0.000017280000,   0.00000,
,,,0.000017284000,   0.08000,
,,,0.000017288000,   0.00000,
,,,0.000017292000,   0.08000,
,,,0.000017296000,   0.00000,
,,,0.000017300000,   0.08000,
,,,0.000017304000,   0.00000,
,,,0.000017308000,   0.08000,
,,,0.000017312000,   0.08000,
,,,0.000017316000,   0.08000,
,,,0.000017320000,   0.00000,
,,,0.000017324000,   0.00000,
,,,0.000017328000,   0.00000,
,,,0.000017332000,   0.00000,
,,,0.000017336000,   0.08000,
,,,0.000017340000,   0.00000,
,,,0.000017344000,   0.00000,
,,,0.000017348000,   0.00000,
,,,0.000017352000,   0.00000,
,,,0.000017356000,   0.00000,
,,,0.000017360000,   0.08000,
,,,0.000017364000,   0.00000,
,,,0.000017368000,   0.00000,
,,,0.000017372000,   0.00000,
,,,0.000017376000,   0.08000,
,,,0.000017380000,   0.00000,
,,,0.000017384000,   0.08000,
,,,0.000017388000,   0.00000,
,,,0.000017392000,   0.08000,
,,,0.000017396000,   0.00000,
,,,0.000017400000,   0.08000,
,,,0.000017404000,   0.00000,
,,,0.000017408000,   0.08000,
,,,0.000017412000,   0.00000,
,,,0.000017416000,   0.00000,
,,,0.000017420000,   0.00000,
,,,0.000017424000,   0.00000,
,,,0.000017428000,   0.00000,
,,,0.000017432000,   0.00000,
,,,0.000017436000,   0.00000,
,,,0.000017440000,   0.00000,
,,,0.000017444000,   0.00000,
,,,0.000017448000,   0.00000,
,,,0.000017452000,   0.00000,
,,,0.000017456000,   0.00000,
,,,0.000017460000,   0.00000,
,,,0.000017464000,   0.00000,
,,,0.000017468000,   0.08000,
,,,0.000017472000,   0.00000,
,,,0.000017476000,   0.08000,
,,,0.000017480000,   0.00000,
,,,0.000017484000,   0.00000,
,,,0.000017488000,   0.00000,
,,,0.000017492000,   0.00000,
,,,0.000017496000,   0.00000,
,,,0.000017500000,   0.08000,
,,,0.000017504000,   0.00000,
,,,0.000017508000,   0.08000,
,,,0.000017512000,   0.00000,
,,,0.000017516000,   0.00000,
,,,0.000017520000,   0.00000,
,,,0.000017524000,   0.08000,
,,,0.000017528000,   0.00000,
,,,0.000017532000,   0.08000,
,,,0.000017536000,   0.00000,
,,,0.000017540000,   0.08000,
,,,0.000017544000,   0.00000,
,,,0.000017548000,   0.00000,
,,,0.000017552000,   0.00000,
,,,0.000017556000,   0.00000,
,,,0.000017560000,   0.00000,
,,,0.000017564000,   0.00000,
,,,0.000017568000,   0.00000,
,,,0.000017572000,   0.08000,
,,,0.000017576000,   0.00000,
,,,0.000017580000,   0.00000,
,,,0.000017584000,   0.00000,
,,,0.000017588000,   0.00000,
,,,0.000017592000,   0.00000,
,,,0.000017596000,   0.00000,
,,,0.000017600000,   0.00000,
,,,0.000017604000,   0.00000,
,,,0.000017608000,   0.00000,
,,,0.000017612000,   0.00000,
,,,0.000017616000,   0.00000,
,,,0.000017620000,   0.00000,
,,,0.000017624000,   0.00000,
,,,0.000017628000,   0.00000,
,,,0.000017632000,   0.00000,
,,,0.000017636000,   0.00000,
,,,0.000017640000,   0.00000,
,,,0.000017644000,   0.00000,
,,,0.000017648000,   0.00000,
,,,0.000017652000,   0.00000,
,,,0.000017656000,   0.00000,
,,,0.000017660000,   0.00000,
,,,0.000017664000,   0.00000,
,,,0.000017668000,   0.00000,
,,,0.000017672000,   0.00000,
,,,0.000017676000,   0.00000,
,,,0.000017680000,   0.00000,
,,,0.000017684000,   0.00000,
,,,0.000017688000,   0.08000,
,,,0.000017692000,   0.00000,
,,,0.000017696000,   0.00000,
,,,0.000017700000,   0.00000,
,,,0.000017704000,   0.00000,
,,,0.000017708000,   0.00000,
,,,0.000017712000,   0.00000,
,,,0.000017716000,   0.00000,
,,,0.000017720000,   0.00000,
,,,0.000017724000,   0.00000,
,,,0.000017728000,   0.00000,
,,,0.000017732000,   0.00000,
,,,0.000017736000,   0.00000,
,,,0.000017740000,   0.00000,
,,,0.000017744000,   0.00000,
,,,0.000017748000,   0.00000,
,,,0.000017752000,   0.00000,
,,,0.000017756000,   0.00000,
,,,0.000017760000,   0.00000,
,,,0.000017764000,   0.00000,
,,,0.000017768000,   0.00000,
,,,0.000017772000,   0.00000,
,,,0.000017776000,   0.00000,
,,,0.000017780000,   0.00000,
,,,0.000017784000,   0.00000,
,,,0.000017788000,   0.00000,
,,,0.000017792000,   0.00000,
,,,0.000017796000,   0.00000,
,,,0.000017800000,   0.00000,
,,,0.000017804000,   0.00000,
,,,0.000017808000,   0.00000,
,,,0.000017812000,   0.00000,
,,,0.000017816000,   0.00000,
,,,0.000017820000,   0.00000,
,,,0.000017824000,   0.00000,
,,,0.000017828000,   0.00000,
,,,0.000017832000,   0.00000,
,,,0.000017836000,   0.00000,
,,,0.000017840000,   0.00000,
,,,0.000017844000,   0.00000,
,,,0.000017848000,   0.00000,
,,,0.000017852000,   0.00000,
,,,0.000017856000,   0.00000,
,,,0.000017860000,   0.00000,
,,,0.000017864000,   0.00000,
,,,0.000017868000,   0.00000,
,,,0.000017872000,   0.00000,
,,,0.000017876000,   0.00000,
,,,0.000017880000,   0.00000,
,,,0.000017884000,   0.00000,
,,,0.000017888000,   0.00000,
,,,0.000017892000,   0.00000,
,,,0.000017896000,   0.00000,
,,,0.000017900000,   0.00000,
,,,0.000017904000,   0.00000,
,,,0.000017908000,   0.00000,
,,,0.000017912000,   0.00000,
,,,0.000017916000,   0.00000,
,,,0.000017920000,   0.00000,
,,,0.000017924000,   0.00000,
,,,0.000017928000,   0.00000,
,,,0.000017932000,   0.00000,
,,,0.000017936000,   0.00000,
,,,0.000017940000,   0.00000,
,,,0.000017944000,   0.00000,
,,,0.000017948000,   0.00000,
,,,0.000017952000,   0.00000,
,,,0.000017956000,   0.00000,
,,,0.000017960000,   0.00000,
,,,0.000017964000,   0.00000,
,,,0.000017968000,   0.00000,
,,,0.000017972000,   0.00000,
,,,0.000017976000,   0.00000,
,,,0.000017980000,   0.00000,
,,,0.000017984000,   0.00000,
,,,0.000017988000,   0.00000,
,,,0.000017992000,   0.00000,
,,,0.000017996000,   0.00000,
,,,0.000018000000,   0.00000,
,,,0.000018004000,   0.00000,
,,,0.000018008000,   0.00000,
,,,0.000018012000,   0.00000,
,,,0.000018016000,   0.00000,
,,,0.000018020000,   0.00000,
,,,0.000018024000,   0.00000,
,,,0.000018028000,   0.00000,
,,,0.000018032000,   0.00000,
,,,0.000018036000,   0.00000,
,,,0.000018040000,   0.00000,
,,,0.000018044000,   0.00000,
,,,0.000018048000,   0.00000,
,,,0.000018052000,   0.00000,
,,,0.000018056000,   0.00000,
,,,0.000018060000,   0.00000,
,,,0.000018064000,   0.00000,
,,,0.000018068000,   0.00000,
,,,0.000018072000,   0.00000,
,,,0.000018076000,   0.00000,
,,,0.000018080000,   0.00000,
,,,0.000018084000,   0.00000,
,,,0.000018088000,   0.00000,
,,,0.000018092000,   0.00000,
,,,0.000018096000,   0.00000,
,,,0.000018100000,   0.00000,
,,,0.000018104000,   0.00000,
,,,0.000018108000,   0.00000,
,,,0.000018112000,   0.00000,
,,,0.000018116000,   0.00000,
,,,0.000018120000,   0.00000,
,,,0.000018124000,   0.00000,
,,,0.000018128000,   0.00000,
,,,0.000018132000,   0.00000,
,,,0.000018136000,   0.00000,
,,,0.000018140000,   0.00000,
,,,0.000018144000,   0.00000,
,,,0.000018148000,   0.00000,
,,,0.000018152000,   0.00000,
,,,0.000018156000,  -0.08000,
,,,0.000018160000,   0.00000,
,,,0.000018164000,   0.00000,
,,,0.000018168000,   0.00000,
,,,0.000018172000,   0.00000,
,,,0.000018176000,   0.00000,
,,,0.000018180000,   0.00000,
,,,0.000018184000,   0.00000,
,,,0.000018188000,   0.00000,
,,,0.000018192000,   0.00000,
,,,0.000018196000,   0.00000,
,,,0.000018200000,   0.00000,
,,,0.000018204000,  -0.08000,
,,,0.000018208000,   0.00000,
,,,0.000018212000,   0.00000,
,,,0.000018216000,   0.00000,
,,,0.000018220000,   0.00000,
,,,0.000018224000,  -0.08000,
,,,0.000018228000,   0.00000,
,,,0.000018232000,   0.00000,
,,,0.000018236000,   0.00000,
,,,0.000018240000,   0.00000,
,,,0.000018244000,   0.00000,
,,,0.000018248000,   0.00000,
,,,0.000018252000,   0.00000,
,,,0.000018256000,   0.00000,
,,,0.000018260000,   0.00000,
,,,0.000018264000,   0.00000,
,,,0.000018268000,   0.00000,
,,,0.000018272000,   0.00000,
,,,0.000018276000,   0.00000,
,,,0.000018280000,   0.00000,
,,,0.000018284000,   0.00000,
,,,0.000018288000,   0.00000,
,,,0.000018292000,   0.00000,
,,,0.000018296000,   0.00000,
,,,0.000018300000,   0.00000,
,,,0.000018304000,   0.00000,
,,,0.000018308000,   0.00000,
,,,0.000018312000,  -0.08000,
,,,0.000018316000,   0.00000,
,,,0.000018320000,   0.00000,
,,,0.000018324000,   0.00000,
,,,0.000018328000,   0.00000,
,,,0.000018332000,   0.00000,
,,,0.000018336000,   0.00000,
,,,0.000018340000,   0.00000,
,,,0.000018344000,   0.00000,
,,,0.000018348000,   0.00000,
,,,0.000018352000,   0.00000,
,,,0.000018356000,   0.00000,
,,,0.000018360000,   0.00000,
,,,0.000018364000,   0.00000,
,,,0.000018368000,   0.00000,
,,,0.000018372000,   0.00000,
,,,0.000018376000,   0.00000,
,,,0.000018380000,   0.00000,
,,,0.000018384000,   0.00000,
,,,0.000018388000,  -0.08000,
,,,0.000018392000,   0.00000,
,,,0.000018396000,   0.00000,
,,,0.000018400000,   0.00000,
,,,0.000018404000,   0.00000,
,,,0.000018408000,   0.00000,
,,,0.000018412000,   0.00000,
,,,0.000018416000,   0.00000,
,,,0.000018420000,  -0.08000,
,,,0.000018424000,   0.00000,
,,,0.000018428000,  -0.08000,
,,,0.000018432000,   0.00000,
,,,0.000018436000,  -0.08000,
,,,0.000018440000,   0.00000,
,,,0.000018444000,   0.00000,
,,,0.000018448000,   0.00000,
,,,0.000018452000,  -0.08000,
,,,0.000018456000,   0.00000,
,,,0.000018460000,   0.00000,
,,,0.000018464000,   0.00000,
,,,0.000018468000,  -0.08000,
,,,0.000018472000,   0.00000,
,,,0.000018476000,  -0.08000,
,,,0.000018480000,   0.00000,
,,,0.000018484000,  -0.08000,
,,,0.000018488000,  -0.08000,
,,,0.000018492000,  -0.08000,
,,,0.000018496000,   0.00000,
,,,0.000018500000,  -0.08000,
,,,0.000018504000,   0.00000,
,,,0.000018508000,  -0.08000,
,,,0.000018512000,  -0.08000,
,,,0.000018516000,  -0.08000,
,,,0.000018520000,  -0.08000,
,,,0.000018524000,   0.00000,
,,,0.000018528000,  -0.08000,
,,,0.000018532000,   0.00000,
,,,0.000018536000,  -0.08000,
,,,0.000018540000,   0.00000,
,,,0.000018544000,  -0.08000,
,,,0.000018548000,   0.00000,
,,,0.000018552000,  -0.08000,
,,,0.000018556000,   0.00000,
,,,0.000018560000,  -0.08000,
,,,0.000018564000,   0.00000,
,,,0.000018568000,  -0.08000,
,,,0.000018572000,   0.00000,
,,,0.000018576000,  -0.08000,
,,,0.000018580000,   0.00000,
,,,0.000018584000,  -0.08000,
,,,0.000018588000,   0.00000,
,,,0.000018592000,  -0.08000,
,,,0.000018596000,   0.00000,
,,,0.000018600000,  -0.08000,
,,,0.000018604000,  -0.08000,
,,,0.000018608000,  -0.08000,
,,,0.000018612000,   0.00000,
,,,0.000018616000,  -0.08000,
,,,0.000018620000,  -0.08000,
,,,0.000018624000,  -0.08000,
,,,0.000018628000,  -0.08000,
,,,0.000018632000,   0.00000,
,,,0.000018636000,   0.00000,
,,,0.000018640000,   0.00000,
,,,0.000018644000,   0.00000,
,,,0.000018648000,  -0.08000,
,,,0.000018652000,  -0.08000,
,,,0.000018656000,   0.00000,
,,,0.000018660000,  -0.08000,
,,,0.000018664000,   0.00000,
,,,0.000018668000,  -0.08000,
,,,0.000018672000,  -0.08000,
,,,0.000018676000,  -0.08000,
,,,0.000018680000,  -0.08000,
,,,0.000018684000,  -0.08000,
,,,0.000018688000,   0.00000,
,,,0.000018692000,  -0.08000,
,,,0.000018696000,   0.00000,
,,,0.000018700000,  -0.08000,
,,,0.000018704000,   0.00000,
,,,0.000018708000,  -0.08000,
,,,0.000018712000,   0.00000,
,,,0.000018716000,  -0.08000,
,,,0.000018720000,  -0.08000,
,,,0.000018724000,  -0.08000,
,,,0.000018728000,   0.00000,
,,,0.000018732000,  -0.08000,
,,,0.000018736000,   0.00000,
,,,0.000018740000,  -0.08000,
,,,0.000018744000,  -0.08000,
,,,0.000018748000,  -0.08000,
,,,0.000018752000,  -0.08000,
,,,0.000018756000,  -0.08000,
,,,0.000018760000,   0.00000,
,,,0.000018764000,  -0.08000,
,,,0.000018768000,  -0.08000,
,,,0.000018772000,  -0.08000,
,,,0.000018776000,  -0.08000,
,,,0.000018780000,  -0.08000,
,,,0.000018784000,  -0.08000,
,,,0.000018788000,  -0.08000,
,,,0.000018792000,  -0.08000,
,,,0.000018796000,  -0.08000,
,,,0.000018800000,  -0.08000,
,,,0.000018804000,  -0.08000,
,,,0.000018808000,  -0.08000,
,,,0.000018812000,   0.00000,
,,,0.000018816000,  -0.08000,
,,,0.000018820000,   0.00000,
,,,0.000018824000,  -0.08000,
,,,0.000018828000,   0.00000,
,,,0.000018832000,  -0.08000,
,,,0.000018836000,   0.00000,
,,,0.000018840000,  -0.08000,
,,,0.000018844000,  -0.08000,
,,,0.000018848000,  -0.08000,
,,,0.000018852000,  -0.08000,
,,,0.000018856000,  -0.08000,
,,,0.000018860000,   0.00000,
,,,0.000018864000,  -0.08000,
,,,0.000018868000,  -0.08000,
,,,0.000018872000,  -0.08000,
,,,0.000018876000,   0.00000,
,,,0.000018880000,  -0.08000,
,,,0.000018884000,  -0.08000,
,,,0.000018888000,  -0.08000,
,,,0.000018892000,  -0.08000,
,,,0.000018896000,  -0.08000,
,,,0.000018900000,  -0.08000,
,,,0.000018904000,  -0.08000,
,,,0.000018908000,  -0.08000,
,,,0.000018912000,  -0.08000,
,,,0.000018916000,  -0.08000,
,,,0.000018920000,   0.00000,
,,,0.000018924000,  -0.08000,
,,,0.000018928000,  -0.08000,
,,,0.000018932000,  -0.08000,
,,,0.000018936000,  -0.08000,
,,,0.000018940000,  -0.08000,
,,,0.000018944000,  -0.08000,
,,,0.000018948000,  -0.08000,
,,,0.000018952000,   0.00000,
,,,0.000018956000,  -0.08000,
,,,0.000018960000,   0.00000,
,,,0.000018964000,  -0.08000,
,,,0.000018968000,  -0.08000,
,,,0.000018972000,  -0.08000,
,,,0.000018976000,  -0.08000,
,,,0.000018980000,  -0.08000,
,,,0.000018984000,  -0.08000,
,,,0.000018988000,  -0.08000,
,,,0.000018992000,  -0.08000,
,,,0.000018996000,  -0.08000,
,,,0.000019000000,  -0.08000,
,,,0.000019004000,  -0.08000,
,,,0.000019008000,  -0.08000,
,,,0.000019012000,  -0.08000,
,,,0.000019016000,  -0.08000,
,,,0.000019020000,  -0.08000,
,,,0.000019024000,  -0.08000,
,,,0.000019028000,  -0.08000,
,,,0.000019032000,  -0.08000,
,,,0.000019036000,  -0.08000,
,,,0.000019040000,  -0.08000,
,,,0.000019044000,  -0.08000,
,,,0.000019048000,  -0.08000,
,,,0.000019052000,  -0.08000,
,,,0.000019056000,  -0.08000,
,,,0.000019060000,  -0.08000,
,,,0.000019064000,  -0.08000,
,,,0.000019068000,  -0.08000,
,,,0.000019072000,  -0.08000,
,,,0.000019076000,  -0.08000,
,,,0.000019080000,  -0.08000,
,,,0.000019084000,   0.00000,
,,,0.000019088000,  -0.08000,
,,,0.000019092000,  -0.08000,
,,,0.000019096000,  -0.08000,
,,,0.000019100000,   0.00000,
,,,0.000019104000,  -0.08000,
,,,0.000019108000,  -0.08000,
,,,0.000019112000,  -0.08000,
,,,0.000019116000,  -0.08000,
,,,0.000019120000,  -0.08000,
,,,0.000019124000,  -0.08000,
,,,0.000019128000,  -0.08000,
,,,0.000019132000,  -0.08000,
,,,0.000019136000,  -0.08000,
,,,0.000019140000,   0.00000,
,,,0.000019144000,  -0.08000,
,,,0.000019148000,  -0.08000,
,,,0.000019152000,  -0.08000,
,,,0.000019156000,  -0.08000,
,,,0.000019160000,  -0.08000,
,,,0.000019164000,  -0.08000,
,,,0.000019168000,  -0.08000,
,,,0.000019172000,  -0.08000,
,,,0.000019176000,  -0.08000,
,,,0.000019180000,  -0.08000,
,,,0.000019184000,  -0.08000,
,,,0.000019188000,  -0.08000,
,,,0.000019192000,  -0.08000,
,,,0.000019196000,  -0.08000,
,,,0.000019200000,  -0.08000,
,,,0.000019204000,  -0.08000,
,,,0.000019208000,  -0.08000,
,,,0.000019212000,  -0.08000,
,,,0.000019216000,  -0.08000,
,,,0.000019220000,  -0.08000,
,,,0.000019224000,  -0.08000,
,,,0.000019228000,  -0.08000,
,,,0.000019232000,  -0.08000,
,,,0.000019236000,  -0.08000,
,,,0.000019240000,  -0.08000,
,,,0.000019244000,  -0.08000,
,,,0.000019248000,  -0.08000,
,,,0.000019252000,  -0.08000,
,,,0.000019256000,  -0.08000,
,,,0.000019260000,  -0.08000,
,,,0.000019264000,  -0.08000,
,,,0.000019268000,  -0.08000,
,,,0.000019272000,  -0.08000,
,,,0.000019276000,  -0.08000,
,,,0.000019280000,  -0.08000,
,,,0.000019284000,  -0.08000,
,,,0.000019288000,  -0.08000,
,,,0.000019292000,  -0.08000,
,,,0.000019296000,  -0.08000,
,,,0.000019300000,  -0.08000,
,,,0.000019304000,  -0.08000,
,,,0.000019308000,  -0.08000,
,,,0.000019312000,  -0.08000,
,,,0.000019316000,  -0.08000,
,,,0.000019320000,  -0.08000,
,,,0.000019324000,  -0.08000,
,,,0.000019328000,  -0.08000,
,,,0.000019332000,  -0.08000,
,,,0.000019336000,  -0.08000,
,,,0.000019340000,  -0.08000,
,,,0.000019344000,  -0.08000,
,,,0.000019348000,  -0.08000,
,,,0.000019352000,  -0.08000,
,,,0.000019356000,  -0.08000,
,,,0.000019360000,  -0.08000,
,,,0.000019364000,  -0.08000,
,,,0.000019368000,  -0.08000,
,,,0.000019372000,  -0.08000,
,,,0.000019376000,  -0.08000,
,,,0.000019380000,  -0.08000,
,,,0.000019384000,  -0.08000,
,,,0.000019388000,  -0.08000,
,,,0.000019392000,  -0.08000,
,,,0.000019396000,  -0.08000,
,,,0.000019400000,  -0.08000,
,,,0.000019404000,  -0.08000,
,,,0.000019408000,  -0.08000,
,,,0.000019412000,  -0.08000,
,,,0.000019416000,  -0.08000,
,,,0.000019420000,  -0.08000,
,,,0.000019424000,  -0.08000,
,,,0.000019428000,  -0.08000,
,,,0.000019432000,  -0.08000,
,,,0.000019436000,  -0.08000,
,,,0.000019440000,  -0.08000,
,,,0.000019444000,  -0.08000,
,,,0.000019448000,  -0.08000,
,,,0.000019452000,  -0.08000,
,,,0.000019456000,  -0.08000,
,,,0.000019460000,  -0.08000,
,,,0.000019464000,  -0.08000,
,,,0.000019468000,  -0.08000,
,,,0.000019472000,  -0.08000,
,,,0.000019476000,  -0.08000,
,,,0.000019480000,  -0.08000,
,,,0.000019484000,  -0.08000,
,,,0.000019488000,  -0.08000,
,,,0.000019492000,  -0.08000,
,,,0.000019496000,  -0.08000,
,,,0.000019500000,  -0.08000,
,,,0.000019504000,   0.00000,
,,,0.000019508000,  -0.08000,
,,,0.000019512000,  -0.08000,
,,,0.000019516000,  -0.08000,
,,,0.000019520000,  -0.08000,
,,,0.000019524000,  -0.08000,
,,,0.000019528000,  -0.08000,
,,,0.000019532000,  -0.08000,
,,,0.000019536000,  -0.08000,
,,,0.000019540000,  -0.08000,
,,,0.000019544000,  -0.08000,
,,,0.000019548000,  -0.08000,
,,,0.000019552000,  -0.08000,
,,,0.000019556000,  -0.08000,
,,,0.000019560000,  -0.08000,
,,,0.000019564000,  -0.08000,
,,,0.000019568000,  -0.08000,
,,,0.000019572000,  -0.08000,
,,,0.000019576000,  -0.08000,
,,,0.000019580000,  -0.08000,
,,,0.000019584000,  -0.08000,
,,,0.000019588000,  -0.08000,
,,,0.000019592000,  -0.08000,
,,,0.000019596000,  -0.08000,
,,,0.000019600000,  -0.08000,
,,,0.000019604000,  -0.08000,
,,,0.000019608000,  -0.08000,
,,,0.000019612000,  -0.08000,
,,,0.000019616000,  -0.08000,
,,,0.000019620000,  -0.08000,
,,,0.000019624000,  -0.08000,
,,,0.000019628000,  -0.08000,
,,,0.000019632000,  -0.08000,
,,,0.000019636000,  -0.08000,
,,,0.000019640000,  -0.08000,
,,,0.000019644000,  -0.08000,
,,,0.000019648000,  -0.08000,
,,,0.000019652000,  -0.08000,
,,,0.000019656000,  -0.08000,
,,,0.000019660000,  -0.08000,
,,,0.000019664000,  -0.08000,
,,,0.000019668000,  -0.08000,
,,,0.000019672000,  -0.08000,
,,,0.000019676000,  -0.08000,
,,,0.000019680000,  -0.08000,
,,,0.000019684000,  -0.08000,
,,,0.000019688000,  -0.08000,
,,,0.000019692000,  -0.08000,
,,,0.000019696000,  -0.08000,
,,,0.000019700000,  -0.08000,
,,,0.000019704000,  -0.08000,
,,,0.000019708000,  -0.08000,
,,,0.000019712000,  -0.08000,
,,,0.000019716000,  -0.08000,
,,,0.000019720000,  -0.08000,
,,,0.000019724000,  -0.08000,
,,,0.000019728000,  -0.08000,
,,,0.000019732000,  -0.08000,
,,,0.000019736000,  -0.08000,
,,,0.000019740000,  -0.08000,
,,,0.000019744000,  -0.08000,
,,,0.000019748000,  -0.08000,
,,,0.000019752000,  -0.08000,
,,,0.000019756000,  -0.08000,
,,,0.000019760000,  -0.08000,
,,,0.000019764000,  -0.08000,
,,,0.000019768000,  -0.08000,
,,,0.000019772000,  -0.08000,
,,,0.000019776000,  -0.08000,
,,,0.000019780000,  -0.08000,
,,,0.000019784000,  -0.08000,
,,,0.000019788000,  -0.08000,
,,,0.000019792000,  -0.08000,
,,,0.000019796000,  -0.08000,
,,,0.000019800000,  -0.08000,
,,,0.000019804000,  -0.08000,
,,,0.000019808000,  -0.08000,
,,,0.000019812000,  -0.08000,
,,,0.000019816000,  -0.08000,
,,,0.000019820000,  -0.08000,
,,,0.000019824000,  -0.08000,
,,,0.000019828000,  -0.08000,
,,,0.000019832000,  -0.08000,
,,,0.000019836000,  -0.08000,
,,,0.000019840000,  -0.08000,
,,,0.000019844000,  -0.08000,
,,,0.000019848000,  -0.08000,
,,,0.000019852000,  -0.08000,
,,,0.000019856000,  -0.08000,
,,,0.000019860000,  -0.08000,
,,,0.000019864000,  -0.08000,
,,,0.000019868000,  -0.08000,
,,,0.000019872000,  -0.08000,
,,,0.000019876000,   0.00000,
,,,0.000019880000,  -0.08000,
,,,0.000019884000,  -0.08000,
,,,0.000019888000,  -0.08000,
,,,0.000019892000,  -0.08000,
,,,0.000019896000,  -0.08000,
,,,0.000019900000,  -0.08000,
,,,0.000019904000,  -0.08000,
,,,0.000019908000,  -0.08000,
,,,0.000019912000,  -0.08000,
,,,0.000019916000,  -0.08000,
,,,0.000019920000,  -0.08000,
,,,0.000019924000,  -0.08000,
,,,0.000019928000,  -0.08000,
,,,0.000019932000,  -0.08000,
,,,0.000019936000,  -0.08000,
,,,0.000019940000,  -0.08000,
,,,0.000019944000,  -0.08000,
,,,0.000019948000,  -0.08000,
,,,0.000019952000,  -0.08000,
,,,0.000019956000,  -0.08000,
,,,0.000019960000,  -0.08000,
,,,0.000019964000,  -0.08000,
,,,0.000019968000,  -0.08000,
,,,0.000019972000,  -0.08000,
,,,0.000019976000,  -0.08000,
,,,0.000019980000,  -0.08000,
,,,0.000019984000,  -0.08000,
,,,0.000019988000,  -0.08000,
,,,0.000019992000,  -0.08000,
,,,0.000019996000,  -0.08000,
,,,0.000020000000,  -0.08000,
,,,0.000020004000,  -0.08000,
,,,0.000020008000,  -0.08000,
,,,0.000020012000,  -0.08000,
,,,0.000020016000,  -0.08000,
,,,0.000020020000,  -0.08000,
,,,0.000020024000,  -0.08000,
,,,0.000020028000,  -0.08000,
,,,0.000020032000,  -0.08000,
,,,0.000020036000,  -0.08000,
,,,0.000020040000,  -0.08000,
,,,0.000020044000,  -0.08000,
,,,0.000020048000,  -0.08000,
,,,0.000020052000,  -0.08000,
,,,0.000020056000,  -0.08000,
,,,0.000020060000,  -0.08000,
,,,0.000020064000,  -0.08000,
,,,0.000020068000,  -0.08000,
,,,0.000020072000,  -0.08000,
,,,0.000020076000,  -0.08000,
,,,0.000020080000,  -0.08000,
,,,0.000020084000,  -0.08000,
,,,0.000020088000,  -0.08000,
,,,0.000020092000,  -0.08000,
,,,0.000020096000,  -0.08000,
,,,0.000020100000,  -0.08000,
,,,0.000020104000,  -0.08000,
,,,0.000020108000,  -0.08000,
,,,0.000020112000,  -0.08000,
,,,0.000020116000,  -0.08000,
,,,0.000020120000,  -0.08000,
,,,0.000020124000,  -0.08000,
,,,0.000020128000,  -0.08000,
,,,0.000020132000,  -0.08000,
,,,0.000020136000,  -0.08000,
,,,0.000020140000,  -0.08000,
,,,0.000020144000,  -0.08000,
,,,0.000020148000,  -0.08000,
,,,0.000020152000,  -0.08000,
,,,0.000020156000,  -0.08000,
,,,0.000020160000,  -0.08000,
,,,0.000020164000,  -0.08000,
,,,0.000020168000,  -0.08000,
,,,0.000020172000,  -0.08000,
,,,0.000020176000,  -0.08000,
,,,0.000020180000,  -0.08000,
,,,0.000020184000,  -0.08000,
,,,0.000020188000,  -0.08000,
,,,0.000020192000,  -0.08000,
,,,0.000020196000,  -0.08000,
,,,0.000020200000,  -0.08000,
,,,0.000020204000,  -0.08000,
,,,0.000020208000,  -0.08000,
,,,0.000020212000,  -0.08000,
,,,0.000020216000,  -0.08000,
,,,0.000020220000,  -0.08000,
,,,0.000020224000,  -0.08000,
,,,0.000020228000,  -0.08000,
,,,0.000020232000,  -0.08000,
,,,0.000020236000,  -0.08000,
,,,0.000020240000,  -0.08000,
,,,0.000020244000,  -0.08000,
,,,0.000020248000,  -0.08000,
,,,0.000020252000,  -0.08000,
,,,0.000020256000,  -0.08000,
,,,0.000020260000,  -0.08000,
,,,0.000020264000,  -0.08000,
,,,0.000020268000,  -0.08000,
,,,0.000020272000,  -0.08000,
,,,0.000020276000,  -0.08000,
,,,0.000020280000,  -0.08000,
,,,0.000020284000,  -0.08000,
,,,0.000020288000,  -0.08000,
,,,0.000020292000,  -0.08000,
,,,0.000020296000,  -0.08000,
,,,0.000020300000,  -0.08000,
,,,0.000020304000,  -0.08000,
,,,0.000020308000,  -0.08000,
,,,0.000020312000,  -0.08000,
,,,0.000020316000,  -0.08000,
,,,0.000020320000,  -0.08000,
,,,0.000020324000,  -0.08000,
,,,0.000020328000,  -0.08000,
,,,0.000020332000,  -0.08000,
,,,0.000020336000,  -0.08000,
,,,0.000020340000,  -0.08000,
,,,0.000020344000,  -0.08000,
,,,0.000020348000,  -0.08000,
,,,0.000020352000,  -0.08000,
,,,0.000020356000,  -0.08000,
,,,0.000020360000,  -0.08000,
,,,0.000020364000,  -0.08000,
,,,0.000020368000,  -0.08000,
,,,0.000020372000,  -0.08000,
,,,0.000020376000,  -0.08000,
,,,0.000020380000,  -0.08000,
,,,0.000020384000,  -0.08000,
,,,0.000020388000,  -0.08000,
,,,0.000020392000,  -0.08000,
,,,0.000020396000,  -0.08000,
,,,0.000020400000,  -0.08000,
,,,0.000020404000,  -0.08000,
,,,0.000020408000,  -0.08000,
,,,0.000020412000,  -0.08000,
,,,0.000020416000,  -0.08000,
,,,0.000020420000,  -0.08000,
,,,0.000020424000,  -0.08000,
,,,0.000020428000,  -0.08000,
,,,0.000020432000,  -0.08000,
,,,0.000020436000,  -0.08000,
,,,0.000020440000,  -0.08000,
,,,0.000020444000,  -0.08000,
,,,0.000020448000,  -0.08000,
,,,0.000020452000,  -0.08000,
,,,0.000020456000,  -0.08000,
,,,0.000020460000,   0.00000,
,,,0.000020464000,  -0.08000,
,,,0.000020468000,  -0.08000,
,,,0.000020472000,  -0.08000,
,,,0.000020476000,  -0.08000,
,,,0.000020480000,  -0.08000,
,,,0.000020484000,  -0.08000,
,,,0.000020488000,  -0.08000,
,,,0.000020492000,  -0.08000,
,,,0.000020496000,  -0.08000,
,,,0.000020500000,  -0.08000,
,,,0.000020504000,  -0.08000,
,,,0.000020508000,  -0.08000,
,,,0.000020512000,  -0.08000,
,,,0.000020516000,  -0.08000,
,,,0.000020520000,  -0.08000,
,,,0.000020524000,  -0.08000,
,,,0.000020528000,  -0.08000,
,,,0.000020532000,  -0.08000,
,,,0.000020536000,  -0.08000,
,,,0.000020540000,  -0.08000,
,,,0.000020544000,  -0.08000,
,,,0.000020548000,  -0.08000,
,,,0.000020552000,   0.00000,
,,,0.000020556000,  -0.08000,
,,,0.000020560000,  -0.08000,
,,,0.000020564000,  -0.08000,
,,,0.000020568000,  -0.08000,
,,,0.000020572000,  -0.08000,
,,,0.000020576000,  -0.08000,
,,,0.000020580000,  -0.08000,
,,,0.000020584000,  -0.08000,
,,,0.000020588000,  -0.08000,
,,,0.000020592000,  -0.08000,
,,,0.000020596000,  -0.08000,
,,,0.000020600000,  -0.08000,
,,,0.000020604000,  -0.08000,
,,,0.000020608000,  -0.08000,
,,,0.000020612000,  -0.08000,
,,,0.000020616000,  -0.08000,
,,,0.000020620000,  -0.08000,
,,,0.000020624000,  -0.08000,
,,,0.000020628000,  -0.08000,
,,,0.000020632000,  -0.08000,
,,,0.000020636000,  -0.08000,
,,,0.000020640000,  -0.08000,
,,,0.000020644000,  -0.08000,
,,,0.000020648000,  -0.08000,
,,,0.000020652000,  -0.08000,
,,,0.000020656000,  -0.08000,
,,,0.000020660000,  -0.08000,
,,,0.000020664000,  -0.08000,
,,,0.000020668000,  -0.08000,
,,,0.000020672000,  -0.08000,
,,,0.000020676000,  -0.08000,
,,,0.000020680000,  -0.08000,
,,,0.000020684000,   0.00000,
,,,0.000020688000,  -0.08000,
,,,0.000020692000,  -0.08000,
,,,0.000020696000,  -0.08000,
,,,0.000020700000,  -0.08000,
,,,0.000020704000,  -0.08000,
,,,0.000020708000,   0.00000,
,,,0.000020712000,  -0.08000,
,,,0.000020716000,  -0.08000,
,,,0.000020720000,  -0.08000,
,,,0.000020724000,   0.00000,
,,,0.000020728000,  -0.08000,
,,,0.000020732000,   0.00000,
,,,0.000020736000,  -0.08000,
,,,0.000020740000,   0.00000,
,,,0.000020744000,  -0.08000,
,,,0.000020748000,  -0.08000,
,,,0.000020752000,  -0.08000,
,,,0.000020756000,  -0.08000,
,,,0.000020760000,  -0.08000,
,,,0.000020764000,  -0.08000,
,,,0.000020768000,  -0.08000,
,,,0.000020772000,  -0.08000,
,,,0.000020776000,  -0.08000,
,,,0.000020780000,  -0.08000,
,,,0.000020784000,  -0.08000,
,,,0.000020788000,  -0.08000,
,,,0.000020792000,  -0.08000,
,,,0.000020796000,  -0.08000,
,,,0.000020800000,  -0.08000,
,,,0.000020804000,  -0.08000,
,,,0.000020808000,   0.00000,
,,,0.000020812000,  -0.08000,
,,,0.000020816000,   0.00000,
,,,0.000020820000,  -0.08000,
,,,0.000020824000,   0.00000,
,,,0.000020828000,  -0.08000,
,,,0.000020832000,  -0.08000,
,,,0.000020836000,  -0.08000,
,,,0.000020840000,  -0.08000,
,,,0.000020844000,  -0.08000,
,,,0.000020848000,  -0.08000,
,,,0.000020852000,  -0.08000,
,,,0.000020856000,   0.00000,
,,,0.000020860000,  -0.08000,
,,,0.000020864000,  -0.08000,
,,,0.000020868000,  -0.08000,
,,,0.000020872000,   0.00000,
,,,0.000020876000,  -0.08000,
,,,0.000020880000,  -0.08000,
,,,0.000020884000,  -0.08000,
,,,0.000020888000,   0.00000,
,,,0.000020892000,  -0.08000,
,,,0.000020896000,  -0.08000,
,,,0.000020900000,   0.00000,
,,,0.000020904000,  -0.08000,
,,,0.000020908000,  -0.08000,
,,,0.000020912000,  -0.08000,
,,,0.000020916000,   0.00000,
,,,0.000020920000,  -0.08000,
,,,0.000020924000,   0.00000,
,,,0.000020928000,  -0.08000,
,,,0.000020932000,   0.00000,
,,,0.000020936000,  -0.08000,
,,,0.000020940000,   0.00000,
,,,0.000020944000,  -0.08000,
,,,0.000020948000,   0.00000,
,,,0.000020952000,  -0.08000,
,,,0.000020956000,  -0.08000,
,,,0.000020960000,  -0.08000,
,,,0.000020964000,  -0.08000,
,,,0.000020968000,  -0.08000,
,,,0.000020972000,   0.00000,
,,,0.000020976000,  -0.08000,
,,,0.000020980000,  -0.08000,
,,,0.000020984000,  -0.08000,
,,,0.000020988000,   0.00000,
,,,0.000020992000,   0.00000,
,,,0.000020996000,  -0.08000,
,,,0.000021000000,  -0.08000,
,,,0.000021004000,  -0.08000,
,,,0.000021008000,  -0.08000,
,,,0.000021012000,  -0.08000,
,,,0.000021016000,   0.00000,
,,,0.000021020000,   0.00000,
,,,0.000021024000,  -0.08000,
,,,0.000021028000,  -0.08000,
,,,0.000021032000,  -0.08000,
,,,0.000021036000,  -0.08000,
,,,0.000021040000,  -0.08000,
,,,0.000021044000,  -0.08000,
,,,0.000021048000,   0.00000,
,,,0.000021052000,  -0.08000,
,,,0.000021056000,   0.00000,
,,,0.000021060000,  -0.08000,
,,,0.000021064000,   0.00000,
,,,0.000021068000,  -0.08000,
,,,0.000021072000,   0.00000,
,,,0.000021076000,  -0.08000,
,,,0.000021080000,   0.00000,
,,,0.000021084000,  -0.08000,
,,,0.000021088000,   0.00000,
,,,0.000021092000,  -0.08000,
,,,0.000021096000,   0.00000,
,,,0.000021100000,  -0.08000,
,,,0.000021104000,   0.00000,
,,,0.000021108000,  -0.08000,
,,,0.000021112000,  -0.08000,
,,,0.000021116000,  -0.08000,
,,,0.000021120000,   0.00000,
,,,0.000021124000,   0.00000,
,,,0.000021128000,  -0.08000,
,,,0.000021132000,   0.00000,
,,,0.000021136000,   0.00000,
,,,0.000021140000,   0.00000,
,,,0.000021144000,  -0.08000,
,,,0.000021148000,   0.00000,
,,,0.000021152000,   0.00000,
,,,0.000021156000,  -0.08000,
,,,0.000021160000,  -0.08000,
,,,0.000021164000,   0.00000,
,,,0.000021168000,  -0.08000,
,,,0.000021172000,  -0.08000,
,,,0.000021176000,  -0.08000,
,,,0.000021180000,   0.00000,
,,,0.000021184000,  -0.08000,
,,,0.000021188000,  -0.08000,
,,,0.000021192000,   0.00000,
,,,0.000021196000,   0.00000,
,,,0.000021200000,  -0.08000,
,,,0.000021204000,   0.00000,
,,,0.000021208000,  -0.08000,
,,,0.000021212000,   0.00000,
,,,0.000021216000,  -0.08000,
,,,0.000021220000,   0.00000,
,,,0.000021224000,  -0.08000,
,,,0.000021228000,   0.00000,
,,,0.000021232000,  -0.08000,
,,,0.000021236000,   0.00000,
,,,0.000021240000,  -0.08000,
,,,0.000021244000,   0.00000,
,,,0.000021248000,   0.00000,
,,,0.000021252000,   0.00000,
,,,0.000021256000,  -0.08000,
,,,0.000021260000,  -0.08000,
,,,0.000021264000,  -0.08000,
,,,0.000021268000,   0.00000,
,,,0.000021272000,   0.00000,
,,,0.000021276000,   0.00000,
,,,0.000021280000,   0.00000,
,,,0.000021284000,   0.00000,
,,,0.000021288000,  -0.08000,
,,,0.000021292000,  -0.08000,
,,,0.000021296000,   0.00000,
,,,0.000021300000,   0.00000,
,,,0.000021304000,   0.00000,
,,,0.000021308000,  -0.08000,
,,,0.000021312000,   0.00000,
,,,0.000021316000,   0.00000,
,,,0.000021320000,   0.00000,
,,,0.000021324000,  -0.08000,
,,,0.000021328000,   0.00000,
,,,0.000021332000,   0.00000,
,,,0.000021336000,   0.00000,
,,,0.000021340000,  -0.08000,
,,,0.000021344000,   0.00000,
,,,0.000021348000,  -0.08000,
,,,0.000021352000,   0.00000,
,,,0.000021356000,  -0.08000,
,,,0.000021360000,   0.00000,
,,,0.000021364000,   0.00000,
,,,0.000021368000,   0.00000,
,,,0.000021372000,  -0.08000,
,,,0.000021376000,   0.00000,
,,,0.000021380000,   0.00000,
,,,0.000021384000,   0.00000,
,,,0.000021388000,   0.00000,
,,,0.000021392000,  -0.08000,
,,,0.000021396000,   0.00000,
,,,0.000021400000,   0.00000,
,,,0.000021404000,   0.00000,
,,,0.000021408000,   0.00000,
,,,0.000021412000,   0.00000,
,,,0.000021416000,   0.00000,
,,,0.000021420000,   0.00000,
,,,0.000021424000,   0.00000,
,,,0.000021428000,   0.00000,
,,,0.000021432000,   0.00000,
,,,0.000021436000,   0.00000,
,,,0.000021440000,  -0.08000,
,,,0.000021444000,   0.00000,
,,,0.000021448000,   0.00000,
,,,0.000021452000,   0.00000,
,,,0.000021456000,   0.00000,
,,,0.000021460000,   0.00000,
,,,0.000021464000,   0.00000,
,,,0.000021468000,   0.00000,
,,,0.000021472000,   0.00000,
,,,0.000021476000,   0.00000,
,,,0.000021480000,   0.00000,
,,,0.000021484000,   0.00000,
,,,0.000021488000,  -0.08000,
,,,0.000021492000,   0.00000,
,,,0.000021496000,   0.00000,
,,,0.000021500000,   0.00000,
,,,0.000021504000,   0.00000,
,,,0.000021508000,   0.00000,
,,,0.000021512000,   0.00000,
,,,0.000021516000,   0.00000,
,,,0.000021520000,   0.00000,
,,,0.000021524000,   0.00000,
,,,0.000021528000,   0.00000,
,,,0.000021532000,   0.00000,
,,,0.000021536000,   0.00000,
,,,0.000021540000,   0.00000,
,,,0.000021544000,   0.00000,
,,,0.000021548000,   0.00000,
,,,0.000021552000,   0.00000,
,,,0.000021556000,   0.00000,
,,,0.000021560000,   0.00000,
,,,0.000021564000,   0.00000,
,,,0.000021568000,   0.00000,
,,,0.000021572000,   0.00000,
,,,0.000021576000,   0.00000,
,,,0.000021580000,   0.00000,
,,,0.000021584000,   0.00000,
,,,0.000021588000,   0.00000,
,,,0.000021592000,   0.00000,
,,,0.000021596000,   0.00000,
,,,0.000021600000,   0.00000,
,,,0.000021604000,   0.00000,
,,,0.000021608000,   0.00000,
,,,0.000021612000,   0.00000,
,,,0.000021616000,   0.00000,
,,,0.000021620000,   0.00000,
,,,0.000021624000,   0.00000,
,,,0.000021628000,   0.00000,
,,,0.000021632000,   0.00000,
,,,0.000021636000,   0.00000,
,,,0.000021640000,   0.00000,
,,,0.000021644000,   0.00000,
,,,0.000021648000,   0.00000,
,,,0.000021652000,   0.00000,
,,,0.000021656000,   0.00000,
,,,0.000021660000,   0.00000,
,,,0.000021664000,   0.00000,
,,,0.000021668000,   0.00000,
,,,0.000021672000,   0.00000,
,,,0.000021676000,   0.00000,
,,,0.000021680000,   0.00000,
,,,0.000021684000,   0.00000,
,,,0.000021688000,   0.00000,
,,,0.000021692000,   0.00000,
,,,0.000021696000,   0.00000,
,,,0.000021700000,   0.00000,
,,,0.000021704000,   0.00000,
,,,0.000021708000,   0.00000,
,,,0.000021712000,   0.00000,
,,,0.000021716000,   0.00000,
,,,0.000021720000,   0.00000,
,,,0.000021724000,   0.00000,
,,,0.000021728000,   0.00000,
,,,0.000021732000,   0.00000,
,,,0.000021736000,   0.00000,
,,,0.000021740000,   0.00000,
,,,0.000021744000,   0.00000,
,,,0.000021748000,   0.00000,
,,,0.000021752000,   0.00000,
,,,0.000021756000,   0.00000,
,,,0.000021760000,   0.00000,
,,,0.000021764000,   0.00000,
,,,0.000021768000,   0.00000,
,,,0.000021772000,   0.00000,
,,,0.000021776000,   0.00000,
,,,0.000021780000,   0.00000,
,,,0.000021784000,   0.00000,
,,,0.000021788000,   0.00000,
,,,0.000021792000,   0.00000,
,,,0.000021796000,   0.00000,
,,,0.000021800000,   0.00000,
,,,0.000021804000,   0.00000,
,,,0.000021808000,   0.00000,
,,,0.000021812000,   0.00000,
,,,0.000021816000,   0.00000,
,,,0.000021820000,   0.00000,
,,,0.000021824000,   0.00000,
,,,0.000021828000,   0.00000,
,,,0.000021832000,   0.00000,
,,,0.000021836000,   0.00000,
,,,0.000021840000,   0.00000,
,,,0.000021844000,   0.00000,
,,,0.000021848000,   0.00000,
,,,0.000021852000,   0.00000,
,,,0.000021856000,   0.00000,
,,,0.000021860000,   0.00000,
,,,0.000021864000,   0.00000,
,,,0.000021868000,   0.00000,
,,,0.000021872000,   0.00000,
,,,0.000021876000,   0.00000,
,,,0.000021880000,   0.00000,
,,,0.000021884000,   0.00000,
,,,0.000021888000,   0.00000,
,,,0.000021892000,   0.00000,
,,,0.000021896000,   0.00000,
,,,0.000021900000,   0.00000,
,,,0.000021904000,   0.00000,
,,,0.000021908000,   0.00000,
,,,0.000021912000,   0.00000,
,,,0.000021916000,   0.00000,
,,,0.000021920000,   0.00000,
,,,0.000021924000,   0.00000,
,,,0.000021928000,   0.00000,
,,,0.000021932000,   0.00000,
,,,0.000021936000,   0.00000,
,,,0.000021940000,   0.00000,
,,,0.000021944000,   0.00000,
,,,0.000021948000,   0.00000,
,,,0.000021952000,   0.00000,
,,,0.000021956000,   0.00000,
,,,0.000021960000,   0.00000,
,,,0.000021964000,   0.00000,
,,,0.000021968000,   0.00000,
,,,0.000021972000,   0.00000,
,,,0.000021976000,   0.00000,
,,,0.000021980000,   0.00000,
,,,0.000021984000,   0.00000,
,,,0.000021988000,   0.00000,
,,,0.000021992000,   0.00000,
,,,0.000021996000,   0.00000,
,,,0.000022000000,   0.00000,
,,,0.000022004000,   0.00000,
,,,0.000022008000,   0.00000,
,,,0.000022012000,   0.00000,
,,,0.000022016000,   0.00000,
,,,0.000022020000,   0.00000,
,,,0.000022024000,   0.00000,
,,,0.000022028000,   0.00000,
,,,0.000022032000,   0.00000,
,,,0.000022036000,   0.00000,
,,,0.000022040000,   0.00000,
,,,0.000022044000,   0.08000,
,,,0.000022048000,   0.00000,
,,,0.000022052000,   0.00000,
,,,0.000022056000,   0.00000,
,,,0.000022060000,   0.00000,
,,,0.000022064000,   0.00000,
,,,0.000022068000,   0.00000,
,,,0.000022072000,   0.00000,
,,,0.000022076000,   0.00000,
,,,0.000022080000,   0.00000,
,,,0.000022084000,   0.00000,
,,,0.000022088000,   0.00000,
,,,0.000022092000,   0.00000,
,,,0.000022096000,   0.00000,
,,,0.000022100000,   0.00000,
,,,0.000022104000,   0.00000,
,,,0.000022108000,   0.00000,
,,,0.000022112000,   0.08000,
,,,0.000022116000,   0.00000,
,,,0.000022120000,   0.00000,
,,,0.000022124000,   0.00000,
,,,0.000022128000,   0.00000,
,,,0.000022132000,   0.00000,
,,,0.000022136000,   0.08000,
,,,0.000022140000,   0.00000,
,,,0.000022144000,   0.00000,
,,,0.000022148000,   0.00000,
,,,0.000022152000,   0.08000,
,,,0.000022156000,   0.00000,
,,,0.000022160000,   0.08000,
,,,0.000022164000,   0.00000,
,,,0.000022168000,   0.00000,
,,,0.000022172000,   0.00000,
,,,0.000022176000,   0.08000,
,,,0.000022180000,   0.00000,
,,,0.000022184000,   0.00000,
,,,0.000022188000,   0.00000,
,,,0.000022192000,   0.08000,
,,,0.000022196000,   0.00000,
,,,0.000022200000,   0.00000,
,,,0.000022204000,   0.00000,
,,,0.000022208000,   0.00000,
,,,0.000022212000,   0.00000,
,,,0.000022216000,   0.00000,
,,,0.000022220000,   0.08000,
,,,0.000022224000,   0.00000,
,,,0.000022228000,   0.08000,
,,,0.000022232000,   0.00000,
,,,0.000022236000,   0.00000,
,,,0.000022240000,   0.00000,
,,,0.000022244000,   0.08000,
,,,0.000022248000,   0.00000,
,,,0.000022252000,   0.08000,
,,,0.000022256000,   0.00000,
,,,0.000022260000,   0.08000,
,,,0.000022264000,   0.00000,
,,,0.000022268000,   0.08000,
,,,0.000022272000,   0.00000,
,,,0.000022276000,   0.08000,
,,,0.000022280000,   0.00000,
,,,0.000022284000,   0.00000,
,,,0.000022288000,   0.00000,
,,,0.000022292000,   0.08000,
,,,0.000022296000,   0.08000,
,,,0.000022300000,   0.00000,
,,,0.000022304000,   0.00000,
,,,0.000022308000,   0.08000,
,,,0.000022312000,   0.00000,
,,,0.000022316000,   0.08000,
,,,0.000022320000,   0.08000,
,,,0.000022324000,   0.08000,
,,,0.000022328000,   0.00000,
,,,0.000022332000,   0.00000,
,,,0.000022336000,   0.08000,
,,,0.000022340000,   0.08000,
,,,0.000022344000,   0.08000,
,,,0.000022348000,   0.00000,
,,,0.000022352000,   0.08000,
,,,0.000022356000,   0.08000,
,,,0.000022360000,   0.08000,
,,,0.000022364000,   0.00000,
,,,0.000022368000,   0.08000,
,,,0.000022372000,   0.00000,
,,,0.000022376000,   0.08000,
,,,0.000022380000,   0.00000,
,,,0.000022384000,   0.08000,
,,,0.000022388000,   0.00000,
,,,0.000022392000,   0.08000,
,,,0.000022396000,   0.00000,
,,,0.000022400000,   0.08000,
,,,0.000022404000,   0.00000,
,,,0.000022408000,   0.08000,
,,,0.000022412000,   0.00000,
,,,0.000022416000,   0.08000,
,,,0.000022420000,   0.08000,
,,,0.000022424000,   0.08000,
,,,0.000022428000,   0.00000,
,,,0.000022432000,   0.00000,
,,,0.000022436000,   0.00000,
,,,0.000022440000,   0.08000,
,,,0.000022444000,   0.00000,
,,,0.000022448000,   0.08000,
,,,0.000022452000,   0.08000,
,,,0.000022456000,   0.08000,
,,,0.000022460000,   0.00000,
,,,0.000022464000,   0.08000,
,,,0.000022468000,   0.08000,
,,,0.000022472000,   0.08000,
,,,0.000022476000,   0.08000,
,,,0.000022480000,   0.08000,
,,,0.000022484000,   0.08000,
,,,0.000022488000,   0.00000,
,,,0.000022492000,   0.08000,
,,,0.000022496000,   0.00000,
,,,0.000022500000,   0.08000,
,,,0.000022504000,   0.08000,
,,,0.000022508000,   0.08000,
,,,0.000022512000,   0.08000,
,,,0.000022516000,   0.08000,
,,,0.000022520000,   0.08000,
,,,0.000022524000,   0.08000,
,,,0.000022528000,   0.08000,
,,,0.000022532000,   0.08000,
,,,0.000022536000,   0.00000,
,,,0.000022540000,   0.08000,
,,,0.000022544000,   0.08000,
,,,0.000022548000,   0.08000,
,,,0.000022552000,   0.00000,
,,,0.000022556000,   0.08000,
,,,0.000022560000,   0.00000,
,,,0.000022564000,   0.08000,
,,,0.000022568000,   0.08000,
,,,0.000022572000,   0.08000,
,,,0.000022576000,   0.08000,
,,,0.000022580000,   0.08000,
,,,0.000022584000,   0.08000,
,,,0.000022588000,   0.08000,
,,,0.000022592000,   0.08000,
,,,0.000022596000,   0.08000,
,,,0.000022600000,   0.08000,
,,,0.000022604000,   0.08000,
,,,0.000022608000,   0.08000,
,,,0.000022612000,   0.00000,
,,,0.000022616000,   0.08000,
,,,0.000022620000,   0.08000,
,,,0.000022624000,   0.08000,
,,,0.000022628000,   0.00000,
,,,0.000022632000,   0.08000,
,,,0.000022636000,   0.00000,
,,,0.000022640000,   0.08000,
,,,0.000022644000,   0.08000,
,,,0.000022648000,   0.08000,
,,,0.000022652000,   0.08000,
,,,0.000022656000,   0.08000,
,,,0.000022660000,   0.08000,
,,,0.000022664000,   0.08000,
,,,0.000022668000,   0.08000,
,,,0.000022672000,   0.08000,
,,,0.000022676000,   0.00000,
,,,0.000022680000,   0.08000,
,,,0.000022684000,   0.08000,
,,,0.000022688000,   0.08000,
,,,0.000022692000,   0.08000,
,,,0.000022696000,   0.08000,
,,,0.000022700000,   0.08000,
,,,0.000022704000,   0.08000,
,,,0.000022708000,   0.08000,
,,,0.000022712000,   0.08000,
,,,0.000022716000,   0.08000,
,,,0.000022720000,   0.08000,
,,,0.000022724000,   0.08000,
,,,0.000022728000,   0.08000,
,,,0.000022732000,   0.08000,
,,,0.000022736000,   0.08000,
,,,0.000022740000,   0.08000,
,,,0.000022744000,   0.08000,
,,,0.000022748000,   0.08000,
,,,0.000022752000,   0.08000,
,,,0.000022756000,   0.08000,
,,,0.000022760000,   0.08000,
,,,0.000022764000,   0.08000,
,,,0.000022768000,   0.08000,
,,,0.000022772000,   0.08000,
,,,0.000022776000,   0.08000,
,,,0.000022780000,   0.08000,
,,,0.000022784000,   0.08000,
,,,0.000022788000,   0.08000,
,,,0.000022792000,   0.08000,
,,,0.000022796000,   0.08000,
,,,0.000022800000,   0.08000,
,,,0.000022804000,   0.08000,
,,,0.000022808000,   0.08000,
,,,0.000022812000,   0.08000,
,,,0.000022816000,   0.08000,
,,,0.000022820000,   0.08000,
,,,0.000022824000,   0.08000,
,,,0.000022828000,   0.08000,
,,,0.000022832000,   0.08000,
,,,0.000022836000,   0.08000,
,,,0.000022840000,   0.08000,
,,,0.000022844000,   0.08000,
,,,0.000022848000,   0.08000,
,,,0.000022852000,   0.08000,
,,,0.000022856000,   0.08000,
,,,0.000022860000,   0.08000,
,,,0.000022864000,   0.08000,
,,,0.000022868000,   0.08000,
,,,0.000022872000,   0.08000,
,,,0.000022876000,   0.08000,
,,,0.000022880000,   0.08000,
,,,0.000022884000,   0.08000,
,,,0.000022888000,   0.08000,
,,,0.000022892000,   0.08000,
,,,0.000022896000,   0.08000,
,,,0.000022900000,   0.08000,
,,,0.000022904000,   0.08000,
,,,0.000022908000,   0.08000,
,,,0.000022912000,   0.08000,
,,,0.000022916000,   0.08000,
,,,0.000022920000,   0.08000,
,,,0.000022924000,   0.08000,
,,,0.000022928000,   0.08000,
,,,0.000022932000,   0.08000,
,,,0.000022936000,   0.08000,
,,,0.000022940000,   0.08000,
,,,0.000022944000,   0.08000,
,,,0.000022948000,   0.08000,
,,,0.000022952000,   0.08000,
,,,0.000022956000,   0.08000,
,,,0.000022960000,   0.08000,
,,,0.000022964000,   0.08000,
,,,0.000022968000,   0.08000,
,,,0.000022972000,   0.08000,
,,,0.000022976000,   0.08000,
,,,0.000022980000,   0.08000,
,,,0.000022984000,   0.08000,
,,,0.000022988000,   0.08000,
,,,0.000022992000,   0.08000,
,,,0.000022996000,   0.08000,
,,,0.000023000000,   0.08000,
,,,0.000023004000,   0.08000,
,,,0.000023008000,   0.08000,
,,,0.000023012000,   0.08000,
,,,0.000023016000,   0.08000,
,,,0.000023020000,   0.08000,
,,,0.000023024000,   0.08000,
,,,0.000023028000,   0.08000,
,,,0.000023032000,   0.08000,
,,,0.000023036000,   0.08000,
,,,0.000023040000,   0.08000,
,,,0.000023044000,   0.08000,
,,,0.000023048000,   0.08000,
,,,0.000023052000,   0.08000,
,,,0.000023056000,   0.08000,
,,,0.000023060000,   0.08000,
,,,0.000023064000,   0.08000,
,,,0.000023068000,   0.08000,
,,,0.000023072000,   0.08000,
,,,0.000023076000,   0.08000,
,,,0.000023080000,   0.08000,
,,,0.000023084000,   0.08000,
,,,0.000023088000,   0.08000,
,,,0.000023092000,   0.08000,
,,,0.000023096000,   0.08000,
,,,0.000023100000,   0.08000,
,,,0.000023104000,   0.08000,
,,,0.000023108000,   0.08000,
,,,0.000023112000,   0.08000,
,,,0.000023116000,   0.16000,
,,,0.000023120000,   0.08000,
,,,0.000023124000,   0.08000,
,,,0.000023128000,   0.08000,
,,,0.000023132000,   0.08000,
,,,0.000023136000,   0.08000,
,,,0.000023140000,   0.08000,
,,,0.000023144000,   0.08000,
,,,0.000023148000,   0.08000,
,,,0.000023152000,   0.08000,
,,,0.000023156000,   0.08000,
,,,0.000023160000,   0.08000,
,,,0.000023164000,   0.08000,
,,,0.000023168000,   0.08000,
,,,0.000023172000,   0.08000,
,,,0.000023176000,   0.08000,
,,,0.000023180000,   0.08000,
,,,0.000023184000,   0.08000,
,,,0.000023188000,   0.08000,
,,,0.000023192000,   0.08000,
,,,0.000023196000,   0.08000,
,,,0.000023200000,   0.16000,
,,,0.000023204000,   0.08000,
,,,0.000023208000,   0.08000,
,,,0.000023212000,   0.08000,
,,,0.000023216000,   0.08000,
,,,0.000023220000,   0.08000,
,,,0.000023224000,   0.08000,
,,,0.000023228000,   0.08000,
,,,0.000023232000,   0.08000,
,,,0.000023236000,   0.08000,
,,,0.000023240000,   0.08000,
,,,0.000023244000,   0.08000,
,,,0.000023248000,   0.08000,
,,,0.000023252000,   0.08000,
,,,0.000023256000,   0.08000,
,,,0.000023260000,   0.08000,
,,,0.000023264000,   0.08000,
,,,0.000023268000,   0.08000,
,,,0.000023272000,   0.08000,
,,,0.000023276000,   0.08000,
,,,0.000023280000,   0.08000,
,,,0.000023284000,   0.08000,
,,,0.000023288000,   0.08000,
,,,0.000023292000,   0.08000,
,,,0.000023296000,   0.08000,
,,,0.000023300000,   0.08000,
,,,0.000023304000,   0.08000,
,,,0.000023308000,   0.08000,
,,,0.000023312000,   0.08000,
,,,0.000023316000,   0.16000,
,,,0.000023320000,   0.08000,
,,,0.000023324000,   0.16000,
,,,0.000023328000,   0.08000,
,,,0.000023332000,   0.16000,
,,,0.000023336000,   0.08000,
,,,0.000023340000,   0.16000,
,,,0.000023344000,   0.08000,
,,,0.000023348000,   0.08000,
,,,0.000023352000,   0.08000,
,,,0.000023356000,   0.08000,
,,,0.000023360000,   0.08000,
,,,0.000023364000,   0.16000,
,,,0.000023368000,   0.08000,
,,,0.000023372000,   0.08000,
,,,0.000023376000,   0.08000,
,,,0.000023380000,   0.08000,
,,,0.000023384000,   0.08000,
,,,0.000023388000,   0.08000,
,,,0.000023392000,   0.08000,
,,,0.000023396000,   0.08000,
,,,0.000023400000,   0.08000,
,,,0.000023404000,   0.08000,
,,,0.000023408000,   0.08000,
,,,0.000023412000,   0.08000,
,,,0.000023416000,   0.08000,
,,,0.000023420000,   0.08000,
,,,0.000023424000,   0.16000,
,,,0.000023428000,   0.08000,
,,,0.000023432000,   0.08000,
,,,0.000023436000,   0.08000,
,,,0.000023440000,   0.16000,
,,,0.000023444000,   0.08000,
,,,0.000023448000,   0.08000,
,,,0.000023452000,   0.08000,
,,,0.000023456000,   0.16000,
,,,0.000023460000,   0.08000,
,,,0.000023464000,   0.16000,
,,,0.000023468000,   0.08000,
,,,0.000023472000,   0.16000,
,,,0.000023476000,   0.08000,
,,,0.000023480000,   0.16000,
,,,0.000023484000,   0.08000,
,,,0.000023488000,   0.08000,
,,,0.000023492000,   0.08000,
,,,0.000023496000,   0.16000,
,,,0.000023500000,   0.08000,
,,,0.000023504000,   0.16000,
,,,0.000023508000,   0.16000,
,,,0.000023512000,   0.16000,
,,,0.000023516000,   0.08000,
,,,0.000023520000,   0.08000,
,,,0.000023524000,   0.16000,
,,,0.000023528000,   0.16000,
,,,0.000023532000,   0.08000,
,,,0.000023536000,   0.08000,
,,,0.000023540000,   0.08000,
,,,0.000023544000,   0.08000,
,,,0.000023548000,   0.08000,
,,,0.000023552000,   0.08000,
,,,0.000023556000,   0.16000,
,,,0.000023560000,   0.08000,
,,,0.000023564000,   0.16000,
,,,0.000023568000,   0.08000,
,,,0.000023572000,   0.16000,
,,,0.000023576000,   0.08000,
,,,0.000023580000,   0.08000,
,,,0.000023584000,   0.08000,
,,,0.000023588000,   0.16000,
,,,0.000023592000,   0.08000,
,,,0.000023596000,   0.16000,
,,,0.000023600000,   0.16000,
,,,0.000023604000,   0.16000,
,,,0.000023608000,   0.08000,
,,,0.000023612000,   0.16000,
,,,0.000023616000,   0.08000,
,,,0.000023620000,   0.16000,
,,,0.000023624000,   0.08000,
,,,0.000023628000,   0.16000,
,,,0.000023632000,   0.08000,
,,,0.000023636000,   0.08000,
,,,0.000023640000,   0.16000,
,,,0.000023644000,   0.16000,
,,,0.000023648000,   0.08000,
,,,0.000023652000,   0.08000,
,,,0.000023656000,   0.16000,
,,,0.000023660000,   0.16000,
,,,0.000023664000,   0.16000,
,,,0.000023668000,   0.08000,
,,,0.000023672000,   0.16000,
,,,0.000023676000,   0.16000,
,,,0.000023680000,   0.16000,
,,,0.000023684000,   0.08000,
,,,0.000023688000,   0.16000,
,,,0.000023692000,   0.16000,
,,,0.000023696000,   0.16000,
,,,0.000023700000,   0.08000,
,,,0.000023704000,   0.16000,
,,,0.000023708000,   0.08000,
,,,0.000023712000,   0.16000,
,,,0.000023716000,   0.08000,
,,,0.000023720000,   0.16000,
,,,0.000023724000,   0.08000,
,,,0.000023728000,   0.16000,
,,,0.000023732000,   0.08000,
,,,0.000023736000,   0.16000,
,,,0.000023740000,   0.08000,
,,,0.000023744000,   0.16000,
,,,0.000023748000,   0.08000,
,,,0.000023752000,   0.08000,
,,,0.000023756000,   0.08000,
,,,0.000023760000,   0.16000,
,,,0.000023764000,   0.16000,
,,,0.000023768000,   0.08000,
,,,0.000023772000,   0.16000,
,,,0.000023776000,   0.16000,
,,,0.000023780000,   0.16000,
,,,0.000023784000,   0.16000,
,,,0.000023788000,   0.16000,
,,,0.000023792000,   0.08000,
,,,0.000023796000,   0.16000,
,,,0.000023800000,   0.08000,
,,,0.000023804000,   0.16000,
,,,0.000023808000,   0.16000,
,,,0.000023812000,   0.16000,
,,,0.000023816000,   0.08000,
,,,0.000023820000,   0.16000,
,,,0.000023824000,   0.08000,
,,,0.000023828000,   0.16000,
,,,0.000023832000,   0.08000,
,,,0.000023836000,   0.16000,
,,,0.000023840000,   0.16000,
,,,0.000023844000,   0.16000,
,,,0.000023848000,   0.08000,
,,,0.000023852000,   0.16000,
,,,0.000023856000,   0.08000,
,,,0.000023860000,   0.16000,
,,,0.000023864000,   0.08000,
,,,0.000023868000,   0.16000,
,,,0.000023872000,   0.16000,
,,,0.000023876000,   0.16000,
,,,0.000023880000,   0.16000,
,,,0.000023884000,   0.16000,
,,,0.000023888000,   0.16000,
,,,0.000023892000,   0.16000,
,,,0.000023896000,   0.08000,
,,,0.000023900000,   0.16000,
,,,0.000023904000,   0.16000,
,,,0.000023908000,   0.16000,
,,,0.000023912000,   0.08000,
,,,0.000023916000,   0.16000,
,,,0.000023920000,   0.16000,
,,,0.000023924000,   0.16000,
,,,0.000023928000,   0.16000,
,,,0.000023932000,   0.16000,
,,,0.000023936000,   0.16000,
,,,0.000023940000,   0.16000,
,,,0.000023944000,   0.16000,
,,,0.000023948000,   0.16000,
,,,0.000023952000,   0.16000,
,,,0.000023956000,   0.16000,
,,,0.000023960000,   0.16000,
,,,0.000023964000,   0.08000,
,,,0.000023968000,   0.16000,
,,,0.000023972000,   0.08000,
,,,0.000023976000,   0.16000,
,,,0.000023980000,   0.08000,
,,,0.000023984000,   0.16000,
,,,0.000023988000,   0.16000,
,,,0.000023992000,   0.16000,
,,,0.000023996000,   0.08000,
,,,0.000024000000,   0.16000,
,,,0.000024004000,   0.08000,
,,,0.000024008000,   0.16000,
,,,0.000024012000,   0.16000,
,,,0.000024016000,   0.16000,
,,,0.000024020000,   0.16000,
,,,0.000024024000,   0.16000,
,,,0.000024028000,   0.08000,
,,,0.000024032000,   0.16000,
,,,0.000024036000,   0.16000,
,,,0.000024040000,   0.16000,
,,,0.000024044000,   0.16000,
,,,0.000024048000,   0.16000,
,,,0.000024052000,   0.16000,
,,,0.000024056000,   0.16000,
,,,0.000024060000,   0.16000,
,,,0.000024064000,   0.16000,
,,,0.000024068000,   0.16000,
,,,0.000024072000,   0.16000,
,,,0.000024076000,   0.16000,
,,,0.000024080000,   0.08000,
,,,0.000024084000,   0.16000,
,,,0.000024088000,   0.16000,
,,,0.000024092000,   0.16000,
,,,0.000024096000,   0.16000,
,,,0.000024100000,   0.16000,
,,,0.000024104000,   0.08000,
,,,0.000024108000,   0.16000,
,,,0.000024112000,   0.16000,
,,,0.000024116000,   0.16000,
,,,0.000024120000,   0.16000,
,,,0.000024124000,   0.16000,
,,,0.000024128000,   0.16000,
,,,0.000024132000,   0.16000,
,,,0.000024136000,   0.16000,
,,,0.000024140000,   0.16000,
,,,0.000024144000,   0.08000,
,,,0.000024148000,   0.16000,
,,,0.000024152000,   0.16000,
,,,0.000024156000,   0.16000,
,,,0.000024160000,   0.16000,
,,,0.000024164000,   0.16000,
,,,0.000024168000,   0.16000,
,,,0.000024172000,   0.16000,
,,,0.000024176000,   0.16000,
,,,0.000024180000,   0.16000,
,,,0.000024184000,   0.16000,
,,,0.000024188000,   0.16000,
,,,0.000024192000,   0.16000,
,,,0.000024196000,   0.08000,
,,,0.000024200000,   0.16000,
,,,0.000024204000,   0.16000,
,,,0.000024208000,   0.16000,
,,,0.000024212000,   0.08000,
,,,0.000024216000,   0.16000,
,,,0.000024220000,   0.08000,
,,,0.000024224000,   0.16000,
,,,0.000024228000,   0.16000,
,,,0.000024232000,   0.16000,
,,,0.000024236000,   0.16000,
,,,0.000024240000,   0.16000,
,,,0.000024244000,   0.16000,
,,,0.000024248000,   0.16000,
,,,0.000024252000,   0.16000,
,,,0.000024256000,   0.16000,
,,,0.000024260000,   0.08000,
,,,0.000024264000,   0.16000,
,,,0.000024268000,   0.16000,
,,,0.000024272000,   0.16000,
,,,0.000024276000,   0.16000,
,,,0.000024280000,   0.16000,
,,,0.000024284000,   0.16000,
,,,0.000024288000,   0.16000,
,,,0.000024292000,   0.16000,
,,,0.000024296000,   0.16000,
,,,0.000024300000,   0.16000,
,,,0.000024304000,   0.16000,
,,,0.000024308000,   0.16000,
,,,0.000024312000,   0.16000,
,,,0.000024316000,   0.16000,
,,,0.000024320000,   0.16000,
,,,0.000024324000,   0.16000,
,,,0.000024328000,   0.16000,
,,,0.000024332000,   0.16000,
,,,0.000024336000,   0.16000,
,,,0.000024340000,   0.16000,
,,,0.000024344000,   0.16000,
,,,0.000024348000,   0.16000,
,,,0.000024352000,   0.16000,
,,,0.000024356000,   0.16000,
,,,0.000024360000,   0.16000,
,,,0.000024364000,   0.16000,
,,,0.000024368000,   0.16000,
,,,0.000024372000,   0.16000,
,,,0.000024376000,   0.16000,
,,,0.000024380000,   0.16000,
,,,0.000024384000,   0.16000,
,,,0.000024388000,   0.16000,
,,,0.000024392000,   0.16000,
,,,0.000024396000,   0.16000,
,,,0.000024400000,   0.16000,
,,,0.000024404000,   0.16000,
,,,0.000024408000,   0.16000,
,,,0.000024412000,   0.16000,
,,,0.000024416000,   0.16000,
,,,0.000024420000,   0.16000,
,,,0.000024424000,   0.16000,
,,,0.000024428000,   0.16000,
,,,0.000024432000,   0.16000,
,,,0.000024436000,   0.16000,
,,,0.000024440000,   0.16000,
,,,0.000024444000,   0.16000,
,,,0.000024448000,   0.16000,
,,,0.000024452000,   0.16000,
,,,0.000024456000,   0.16000,
,,,0.000024460000,   0.16000,
,,,0.000024464000,   0.16000,
,,,0.000024468000,   0.16000,
,,,0.000024472000,   0.16000,
,,,0.000024476000,   0.16000,
,,,0.000024480000,   0.16000,
,,,0.000024484000,   0.16000,
,,,0.000024488000,   0.16000,
,,,0.000024492000,   0.16000,
,,,0.000024496000,   0.16000,
,,,0.000024500000,   0.16000,
,,,0.000024504000,   0.16000,
,,,0.000024508000,   0.16000,
,,,0.000024512000,   0.16000,
,,,0.000024516000,   0.16000,
,,,0.000024520000,   0.16000,
,,,0.000024524000,   0.16000,
,,,0.000024528000,   0.16000,
,,,0.000024532000,   0.16000,
,,,0.000024536000,   0.16000,
,,,0.000024540000,   0.16000,
,,,0.000024544000,   0.16000,
,,,0.000024548000,   0.16000,
,,,0.000024552000,   0.16000,
,,,0.000024556000,   0.16000,
,,,0.000024560000,   0.16000,
,,,0.000024564000,   0.16000,
,,,0.000024568000,   0.16000,
,,,0.000024572000,   0.16000,
,,,0.000024576000,   0.16000,
,,,0.000024580000,   0.16000,
,,,0.000024584000,   0.16000,
,,,0.000024588000,   0.16000,
,,,0.000024592000,   0.16000,
,,,0.000024596000,   0.16000,
